UF,MUNICIPIO,NOME,LOGRADOURO,NUMERO,BAIRRO,ENDERECO_COMPLETO,LATITUDE,LONGITUDE,ENDERECO_API,POINT,CEP,CO_CNES
AC,ACRELANDIA,UNIDADE DE SAUDE DA FAMILIA RICARDO MONTEIRO ROLA,RUA 07 QUEDAS,284,CENTRO,"RUA 07 QUEDAS, CENTRO, ACRELANDIA, AC, BRASIL",-10.07561,-67.05003,"Rua Sete Quedas, Acrelândia","10 4m 32.196s S, 67 3m 0.108s W",,3393984
AC,ACRELANDIA,UNIDADE DE SAUDE DA FAMILIA JOAO DANIEL DAMASCENO,BR 364 KM 114,114,ZONA RURAL,"BR 364 KM 114, ZONA RURAL, ACRELANDIA, AC, BRASIL",-22.28388,-51.91008,"Via de Acesso à Zona Rural, 114, 19260-000, Mirante do Paranapanema","22 17m 1.968s S, 51 54m 36.288s W",19260-000,3638685
AC,ACRELANDIA,UNIDADE MISTA DE SAUDE DE ACRELANDIA,AVENIDA PARANA,346,CENTRO,"AVENIDA PARANA, CENTRO, ACRELANDIA, AC, BRASIL",-10.07684,-67.05564,"Avenida Paraná, 69945, Acrelândia","10 4m 36.624s S, 67 3m 20.304s W",69945,0
AC,ACRELANDIA,UNIDADE DE SAUDE DA FAMILIA CICERO BATISTA,BR 364 KM 90 RAMAL GRANADA KM 16,16,ZONA RURAL,"BR 364 KM 90 RAMAL GRANADA KM 16, ZONA RURAL, ACRELANDIA, AC, BRASIL",-17.34786,-49.93093,"Via de Acesso à Zona Rural, 90, 75940-000, Edéia","17 20m 52.296s S, 49 55m 51.348s W",75940-000,3382745
AC,ACRELANDIA,UNIDADE DE SAUDE DA FAMILIA REDENCAO,AC 475 VILA REDENCAOI,,ZONA RURAL,"AC 475 VILA REDENCAOI, ZONA RURAL, ACRELANDIA, AC, BRASIL",-22.28064,-51.91064,"Via de Acesso à Zona Rural, 475, 19260-000, Mirante do Paranapanema","22 16m 50.304s S, 51 54m 38.304s W",19260-000,5403669
AC,ACRELANDIA,UNIDADE DE SAUDE DA FAMILIA NORTON VITORINO BOHEN,AVENIDA PARANA,513,CENTRO,"AVENIDA PARANA, CENTRO, ACRELANDIA, AC, BRASIL",-10.07684,-67.05564,"Avenida Paraná, 69945, Acrelândia","10 4m 36.624s S, 67 3m 20.304s W",69945,3006166
AC,ASSIS BRASIL,UNIDADE MISTA DE ASSIS BRASIL,TRAVESSA DO HOSPITAL,S/N,CASCATA,"TRAVESSA DO HOSPITAL, CASCATA, ASSIS BRASIL, AC, BRASIL",-10.9418,-69.56181,"Travessa do Cemitério, 69935-000, Assis Brasil","10 56m 30.48s S, 69 33m 42.516s W",69935-000,0
AC,ASSIS BRASIL,UNIDADE BASICA DE SAUDE GILDO FERREIRA DA SILVA,RUA EUNICIO PEREIRA,2490,CIDADE NOVA,"RUA EUNICIO PEREIRA, CIDADE NOVA, ASSIS BRASIL, AC, BRASIL",-22.90713,-43.59115,"Rua Nova Cidade Ac Saudade, 23063, Rio de Janeiro","22 54m 25.668s S, 43 35m 28.14s W",23063,7436440
AC,ASSIS BRASIL,UNIDADE BASICA DE SAUDE ANTONIO ALVES CAVALCANTE,RUA JOAO JOSE DO BOMFIM,S/N,BELA VISTA,"RUA JOAO JOSE DO BOMFIM, BELA VISTA, ASSIS BRASIL, AC, BRASIL",-10.93841,-69.56071,"Rua João José do Bonfim, 69935-000, Assis Brasil","10 56m 18.276s S, 69 33m 38.556s W",69935-000,3797554
AC,ASSIS BRASIL,UNIDADE BASICA DE SAUDE TEREZINHA BATISTA DOS SANTOS,RUA FRANCISCA DAS CHAGAS,622,CASCATA,"RUA FRANCISCA DAS CHAGAS, CASCATA, ASSIS BRASIL, AC, BRASIL",-10.94019,-69.56267,"Rua Francisco das Chagas, 69935-000, Assis Brasil","10 56m 24.684s S, 69 33m 45.612s W",69935-000,2003066
AC,BRASILEIA,ESF FRANCISCO DE ASSIS,RUA PEDRO ALEXANDRINO NETO,S/N,SAMAUMA,"RUA PEDRO ALEXANDRINO NETO, SAMAUMA, BRASILEIA, AC, BRASIL",-10.9991,-68.75941,"Rua Pedro Alexandrino Neto, 69932-000, Brasiléia","10 59m 56.76s S, 68 45m 33.876s W",69932-000,2001470
AC,BRASILEIA,ESF RAIMUNDA ANTONIA DE ARAUJO CARNEIRO LIMA,RUA RAIMUNDO TEODORO,S/N,MARCOS GALVAO,"RUA RAIMUNDO TEODORO, MARCOS GALVAO, BRASILEIA, AC, BRASIL",-10.9907111,-68.74569699999999,"Rua Raimundo Teodoro, Agua Branca, Brasiléia, Região Geográfica Imediata de Brasiléia, Região Geográfica Intermediária de Rio Branco, Acre, Região Norte, 69932-000, Brasil","10 59m 26.56s S, 68 44m 44.5092s W",69932-000,9948759
AC,BRASILEIA,ESF DR RICARDO BARBOSA DA SILVA,ESTRADA DO PACIFICO KM 26 BR 317,26,ZONA RURAL,"ESTRADA DO PACIFICO KM 26 BR 317, ZONA RURAL, BRASILEIA, AC, BRASIL",-10.93564,-69.57181,"Estrada do Pacífico, 69935-000, Assis Brasil","10 56m 8.304s S, 69 34m 18.516s W",69935-000,2001462
AC,BRASILEIA,ESF JOSE MARIA DE SOUZA SANTOS,AV GENY ASSIS,501,CENTRO,"AV GENY ASSIS, CENTRO, BRASILEIA, AC, BRASIL",-11.01544,-68.74892,"Rua Geny Assis, 69932-000, Brasiléia","11 0m 55.584s S, 68 44m 56.112s W",69932-000,3042553
AC,BRASILEIA,CENTRO DE SAUDE DR FERNANDO AZEVEDO CORREIA,RUA GENERALISSIMO DOEDORO,S/N,CENTRO,"RUA GENERALISSIMO DOEDORO, CENTRO, BRASILEIA, AC, BRASIL",-11.01004,-68.74453000000001,"Rua Generalíssimo Deodoro, 69932-000, Brasiléia","11 0m 36.144s S, 68 44m 40.308s W",69932-000,2001551
AC,BRASILEIA,ESF SIMAO MANSOU BARTHA,LOTEAMENTO ALBERTO CASTRO QUADRA 12,S/N,ALBERTO CASTRO,"LOTEAMENTO ALBERTO CASTRO QUADRA 12, ALBERTO CASTRO, BRASILEIA, AC, BRASIL",-19.57619,-46.94186,"Rua Alberto Castro Alves, 12, 38181-034, Araxá","19 34m 34.284s S, 46 56m 30.696s W",38181-034,2001454
AC,BRASILEIA,ESF PEDRO OLIVEIRA DE SOUZA,ESTRADA DO PACIFICO KM 68 BR 317,S/N,ZONA RURAL,"ESTRADA DO PACIFICO KM 68 BR 317, ZONA RURAL, BRASILEIA, AC, BRASIL",-10.93564,-69.57181,"Estrada do Pacífico, 69935-000, Assis Brasil","10 56m 8.304s S, 69 34m 18.516s W",69935-000,2001357
AC,BRASILEIA,ESF TUFIC MIZAEL SAADY,RUA KAIRALA JOSE KAIRALA,S/N,RAIMUNDO CHAAR,"RUA KAIRALA JOSE KAIRALA, RAIMUNDO CHAAR, BRASILEIA, AC, BRASIL",-11.01226,-68.74094000000001,"Rua Kairala José Kairala, 69932-000, Brasiléia","11 0m 44.136s S, 68 44m 27.384s W",69932-000,2001349
AC,BRASILEIA,ESF ANTONIO CORREIA DA CRUZ,BR 317 KM19 MAIS 12KM LINHA 08 LOTE 20 GLEBA 5,S/N,ZONA RURAL,"BR 317 KM19 MAIS 12KM LINHA 08 LOTE 20 GLEBA 5, ZONA RURAL, BRASILEIA, AC, BRASIL",-22.93588,-42.65378,"Rua 5 Ac Av Beira Mar, 317, 24925-600, Maricá","22 56m 9.168s S, 42 39m 13.608s W",24925-600,9830464
AC,BRASILEIA,ESF ANTONIO MONTEIRO DOS REIS,RUA PREFEITO VALDEMIR LOPES,S/N,JOSE MOREIRA,"RUA PREFEITO VALDEMIR LOPES, JOSE MOREIRA, BRASILEIA, AC, BRASIL",-10.996,-68.75766,"Rua Prefeito José Avanir, 69932-000, Brasiléia","10 59m 45.6s S, 68 45m 27.576s W",69932-000,7058322
AC,BUJARI,U S F MARIA IZA VIANA DE CASTRO,RUA JOSE PEREIRA GURGEL,S/N,CENTRO,"RUA JOSE PEREIRA GURGEL, CENTRO, BUJARI, AC, BRASIL",-9.83004,-67.95076999999999,"Rua José Pereira Gurgel, 69926-000, Bujari","9 49m 48.144s S, 67 57m 2.772s W",69926-000,2002884
AC,BUJARI,USF ANTIMARY,BR 364 KM 87 MARGENS DO DO RIO ANTIMARY,S/N,ZONA RURAL,"BR 364 KM 87 MARGENS DO DO RIO ANTIMARY, ZONA RURAL, BUJARI, AC, BRASIL",-10.01222,-67.84246,"Estrada do Amapá, 69906, 69912, Rio Branco","10 0m 43.992s S, 67 50m 32.856s W",69906,3516822
AC,BUJARI,UNIDADE BASICA DE SAUDE NOVA VIDA,RAMAL ESPINHARA KM 16,16,RAMAL ESPINHARA,"RAMAL ESPINHARA KM 16, RAMAL ESPINHARA, BUJARI, AC, BRASIL",-9.81871,-67.94654,"Rua Geraldo Mesquita Ramal Rujari, 16, 69926-000, Bujari","9 49m 7.356s S, 67 56m 47.544s W",69926-000,9444270
AC,BUJARI,UNIDADE BASICA DE SAUDE MARIA DO CARMO RAMOS,RAMAL LINHA NOVA KM 16 RAMAL SAMAUMA,16,ZONA RURAL,"RAMAL LINHA NOVA KM 16 RAMAL SAMAUMA, ZONA RURAL, BUJARI, AC, BRASIL",-9.81871,-67.94654,"Rua Geraldo Mesquita Ramal Rujari, 16, 69926-000, Bujari","9 49m 7.356s S, 67 56m 47.544s W",69926-000,9792937
AC,BUJARI,CENTRO DE SAUDE RAIMUNDA PORFIRIO DE BRITO RAMOS,RUA PROJETADA DO FORUM,320,CENTRO,"RUA PROJETADA DO FORUM, CENTRO, BUJARI, AC, BRASIL",-9.82843,-67.95474,"Rua do Fórum, 69926-000, Bujari","9 49m 42.348s S, 67 57m 17.064s W",69926-000,2002876
AC,CAPIXABA,UNIDADE DE SAUDE DA FAMILIA DR LUIZ FERNANDO MAGALHAES,AV GOV EDMUNDO PINTO,1231,CENTRO,"AV GOV EDMUNDO PINTO, CENTRO, CAPIXABA, AC, BRASIL",-10.57353,-67.67531,"Avenida Governador Edmundo Pinto, 69931-000, Capixaba","10 34m 24.708s S, 67 40m 31.116s W",69931-000,2001039
AC,CAPIXABA,UNIDADE DE SAUDE DA FAMILIA RAIMUNDO RODRIGUES LUSTOSA,RAMAL DO SILVEIRA,S/N,ALCOBRAS,"RAMAL DO SILVEIRA, ALCOBRAS, CAPIXABA, AC, BRASIL",-9.98037,-67.79646,"Ramal do Judia, 69906, Rio Branco","9 58m 49.332s S, 67 47m 47.256s W",69906,0
AC,CAPIXABA,UNIDADE DE SAUDE FRANCISCO ANTONIO DE LIMA,RAMAL TRACUA,S/N,KM 100,"RAMAL TRACUA, KM 100, CAPIXABA, AC, BRASIL",-10.58058,-67.67976999999999,"Rua Ramal Brasil Bolívia, 100, 69931-000, Capixaba","10 34m 50.088s S, 67 40m 47.172s W",69931-000,0
AC,CAPIXABA,UNIDADE DE SAUDE DA FAMILIA DA ALCOBRAS,RAMAL DO BARRIGA,S/N,EST CAPIXABA,"RAMAL DO BARRIGA, EST CAPIXABA, CAPIXABA, AC, BRASIL",-10.06486,-67.77532,"Ramal Capixaba, 69906, Rio Branco","10 3m 53.496s S, 67 46m 31.152s W",69906,0
AC,CAPIXABA,CENTRO DE SAUDE IDELFONSO CORDEIRO DE ANDRADE,RUA FRANCISCO CORDEIRO DE ANDRADE,S/N,CONQUISTA,"RUA FRANCISCO CORDEIRO DE ANDRADE, CONQUISTA, CAPIXABA, AC, BRASIL",-10.57544,-67.6791,"Rua Francisco Cordeiro de Andrade, 69931-000, Capixaba","10 34m 31.584s S, 67 40m 44.76s W",69931-000,0
AC,CRUZEIRO DO SUL,POSTO DE SAUDE ALFREDO SAID,VALPARAISO,S/N,VALPARAISO,"VALPARAISO, VALPARAISO, CRUZEIRO DO SUL, AC, BRASIL",-7.6345,-72.66858,Cruzeiro do Sul,"7 38m 4.2s S, 72 40m 6.888s W",,0
AC,CRUZEIRO DO SUL,UNIDADE DE SAUDE DA FAMILIA OSMAR D ALBUQUERQUE LIMA,DERACRE,1800,DERACRE,"DERACRE, DERACRE, CRUZEIRO DO SUL, AC, BRASIL",-7.6345,-72.66858,Cruzeiro do Sul,"7 38m 4.2s S, 72 40m 6.888s W",,2000628
AC,CRUZEIRO DO SUL,POSTO DE SAUDE BURITIRANA,RAMAL DA BURITIRANA,S/N,VILA SAO PEDRO,"RAMAL DA BURITIRANA, VILA SAO PEDRO, CRUZEIRO DO SUL, AC, BRASIL",-29.42003,-51.51226,São Pedro da Serra,"29 25m 12.108s S, 51 30m 44.136s W",,0
AC,CRUZEIRO DO SUL,UNIDADE DE SAUDE DA FAMILIA JOSE TIMOTIO DE OLIVEIRA,BR 364 RAMAL 03,S/N,PROJETO SANTA LUZIA,"BR 364 RAMAL 03, PROJETO SANTA LUZIA, CRUZEIRO DO SUL, AC, BRASIL",-7.61666,-72.65863,"Rua Santa Luzia, 364, 69980-000, Cruzeiro do Sul","7 36m 59.976s S, 72 39m 31.068s W",69980-000,2001896
AC,CRUZEIRO DO SUL,POSTO DE SAUDE DEPUTADO FRANCISCO THAUMATURGO,BR 364 RAMAL 02,0,ONCA,"BR 364 RAMAL 02, ONCA, CRUZEIRO DO SUL, AC, BRASIL",-7.60108,-72.66794,"Ramal de Fazenda do Abraão, 364, Cruzeiro do Sul","7 36m 3.888s S, 72 40m 4.584s W",,0
AC,CRUZEIRO DO SUL,UNIDADE BASICA DE SAUDE FRANCISCA SOUZA MACHADO,BR 364 RAMAL 07,0,PROJETO SANTA LUZIA,"BR 364 RAMAL 07, PROJETO SANTA LUZIA, CRUZEIRO DO SUL, AC, BRASIL",-7.61666,-72.65863,"Rua Santa Luzia, 364, 69980-000, Cruzeiro do Sul","7 36m 59.976s S, 72 39m 31.068s W",69980-000,7560141
AC,CRUZEIRO DO SUL,POSTO DE SAUDE MAURICIO PERES NOBRE,BR 364 RAMAL 11 BOCA DO 11,S/N,PROJETO SANTA LUZIA,"BR 364 RAMAL 11 BOCA DO 11, PROJETO SANTA LUZIA, CRUZEIRO DO SUL, AC, BRASIL",-7.619280000000002,-72.65835,"Rua Santa Luzia, 11, 69980-000, Cruzeiro do Sul","7 37m 9.408s S, 72 39m 30.06s W",69980-000,0
AC,CRUZEIRO DO SUL,UNIDADE BASICA DE SAUDE EUCLIDES QUEIROS FILHO,BR 364,S/N,MIRITIZAL,"BR 364, MIRITIZAL, CRUZEIRO DO SUL, AC, BRASIL",-7.759710000000001,-72.32204,"BR-364, 69970, 69980, Cruzeiro do Sul","7 45m 34.956s S, 72 19m 19.344s W",69970,7561113
AC,CRUZEIRO DO SUL,UNIDADE DE SAUDE DA FAMILIA J LINS,RUA MINAS GERAIS,S/N,ALUMINIO,"RUA MINAS GERAIS, ALUMINIO, CRUZEIRO DO SUL, AC, BRASIL",-7.6240779,-72.6640689,"Rua Minas Gerais, Telégrafo, Cruzeiro do Sul, Região Geográfica Imediata de Cruzeiro do Sul, Região Geográfica Intermediária de Cruzeiro do Sul, Acre, Região Norte, 69980-000, Brasil","7 37m 26.6804s S, 72 39m 50.648s W",69980-000,2000237
AC,CRUZEIRO DO SUL,POSTO DE SAUDE RAIMUNDO JOSE DA SILVA,ESTRADA DO PENTENCOSTE,S/N,BELO JARDIM AREAL,"ESTRADA DO PENTENCOSTE, BELO JARDIM AREAL, CRUZEIRO DO SUL, AC, BRASIL",-16.7344,-49.23472,"Rua Cruzeiro do Sul, 74863-070, Goiânia","16 44m 3.84s S, 49 14m 4.992s W",74863-070,0
AC,CRUZEIRO DO SUL,CRIE CRUZEIRO DO SUL,AV LAURO MULLER,350,CENTRO,"AV LAURO MULLER, CENTRO, CRUZEIRO DO SUL, AC, BRASIL",-7.6261,-72.68075999999998,"Avenida Lauro Müller, Cruzeiro do Sul","7 37m 33.96s S, 72 40m 50.736s W",,0
AC,CRUZEIRO DO SUL,UNIDADE MISTA DE SANTA LUZIA,BR 364 PDA SEDE DO INCRA,S/N,ZONA RURAL,"BR 364 PDA SEDE DO INCRA, ZONA RURAL, CRUZEIRO DO SUL, AC, BRASIL",-7.759710000000001,-72.32204,"BR-364, 69970, 69980, Cruzeiro do Sul","7 45m 34.956s S, 72 19m 19.344s W",69970,0
AC,CRUZEIRO DO SUL,UNIDADE DE SAUDE DA FAMILIA ABEL PINHEIRO,RUA MORADA FELIZ,S/N,FORMOSO,"RUA MORADA FELIZ, FORMOSO, CRUZEIRO DO SUL, AC, BRASIL",-7.6166800000000014,-72.68446999999998,"Estrada do Formoso & Rua Morada Feliz, 69980, Cruzeiro do Sul","7 37m 0.048s S, 72 41m 4.092s W",69980,2000342
AC,CRUZEIRO DO SUL,UNIDADE DE SAUDE DA FAMILIA PROF QUITA,RUA 23 DE OUTUBRO,S/N,SAO JOSE,"RUA 23 DE OUTUBRO, SAO JOSE, CRUZEIRO DO SUL, AC, BRASIL",-7.6114,-72.67405,"Rua São José, 23, Cruzeiro do Sul","7 36m 41.04s S, 72 40m 26.58s W",,2000261
AC,CRUZEIRO DO SUL,UNIDADE DE SAUDE DA FAMILIA GEOSETE COELHO MARIANO,RUA CORONEL CARVALHO,S/N,CRUZEIRINHO,"RUA CORONEL CARVALHO, CRUZEIRINHO, CRUZEIRO DO SUL, AC, BRASIL",-7.6382997,-72.68621740000002,"Rua Coronel Carvalho, Vila Cruzeirinho, Cruzeiro do Sul, Região Geográfica Imediata de Cruzeiro do Sul, Região Geográfica Intermediária de Cruzeiro do Sul, Acre, Região Norte, 69980-000, Brasil","7 38m 17.8789s S, 72 41m 10.3826s W",69980-000,2000326
AC,CRUZEIRO DO SUL,UNIDADE DE SAUDE DA CLOVIS PINHEIRO ROSAS,BR 364 CAMPINAS,0,CAMPINAS,"BR 364 CAMPINAS, CAMPINAS, CRUZEIRO DO SUL, AC, BRASIL",-28.32601,-52.05486,"Estrada para Campinas-Acesso à BR-285, 364, 99160-000, Gentil","28 19m 33.636s S, 52 3m 17.496s W",99160-000,7375913
AC,CRUZEIRO DO SUL,UNIDADE DE SAUDE ADALTO JOSE BATISTA,BR 364,S/N,RIO LIBERDADE,"BR 364, RIO LIBERDADE, CRUZEIRO DO SUL, AC, BRASIL",-7.61348,-72.6726,"Rua Rio Grande do Sul, 364, Cruzeiro do Sul","7 36m 48.528s S, 72 40m 21.36s W",,2002299
AC,CRUZEIRO DO SUL,POSTO DE SAUDE VITAL BRASIL,BR 364 RAMAL 02,S/N,RAMAL 02,"BR 364 RAMAL 02, RAMAL 02, CRUZEIRO DO SUL, AC, BRASIL",-7.60108,-72.66794,"Ramal de Fazenda do Abraão, 364, Cruzeiro do Sul","7 36m 3.888s S, 72 40m 4.584s W",,0
AC,CRUZEIRO DO SUL,UNIDADE SAUDE DA FAMILIA 25 DE AGOSTO,AV 25 DE AGOSTO,S/N,25 DE AGOSTO,"AV 25 DE AGOSTO, 25 DE AGOSTO, CRUZEIRO DO SUL, AC, BRASIL",-7.622733099999999,-72.671181,"Avenida Vinte e Cinco de Agosto, 25 de Agosto, Cruzeiro do Sul, Região Geográfica Imediata de Cruzeiro do Sul, Região Geográfica Intermediária de Cruzeiro do Sul, Acre, Região Norte, 69980-000, Brasil","7 37m 21.8392s S, 72 40m 16.2516s W",69980-000,2002914
AC,CRUZEIRO DO SUL,UNIDADE DE SAUDE DA FAMILIA BOCA DO MOA ARITO ROSAS,BOCA DO MOA,S/N,BOCA DO MOA,"BOCA DO MOA, BOCA DO MOA, CRUZEIRO DO SUL, AC, BRASIL",-7.6345,-72.66858,Cruzeiro do Sul,"7 38m 4.2s S, 72 40m 6.888s W",,7915241
AC,CRUZEIRO DO SUL,UNIDADE DE SAUDE DA FAM SENADOR ADALBERTO SENA,AVENIDA 25 DE AGOSTO,S/N,AEROPORTO VELHO,"AVENIDA 25 DE AGOSTO, AEROPORTO VELHO, CRUZEIRO DO SUL, AC, BRASIL",-7.6124172,-72.6753352,"Avenida Vinte e Cinco de Agosto, São José, Cruzeiro do Sul, Região Geográfica Imediata de Cruzeiro do Sul, Região Geográfica Intermediária de Cruzeiro do Sul, Acre, Região Norte, 69980-000, Brasil","7 36m 44.7019s S, 72 40m 31.2067s W",69980-000,2000202
AC,CRUZEIRO DO SUL,UNIDADE DA SAUDE DA FAMILIA PASTOR JOAO BRAZ,RUA NILO PECANHA,S/N,SANACRE,"RUA NILO PECANHA, SANACRE, CRUZEIRO DO SUL, AC, BRASIL",-7.63542,-72.68068000000002,"Rua Nilo Peçanha, Cruzeiro do Sul","7 38m 7.512s S, 72 40m 50.448s W",,2000318
AC,CRUZEIRO DO SUL,UNIDADE DA SAUDE DA FAM FRANCISCO ARY DA SILVEIRA,RUA SAO PAULO,S/N,CONJUNTO MANCIO LIMA,"RUA SAO PAULO, CONJUNTO MANCIO LIMA, CRUZEIRO DO SUL, AC, BRASIL",-7.60504,-72.68567,"Avenida Coronel Mâncio Lima, Cruzeiro do Sul","7 36m 18.144s S, 72 41m 8.412s W",,2000334
AC,CRUZEIRO DO SUL,UNIDADE DE SAUDE DA FAMILIA FLUVIAL,AVENIDA RIO JURUA,S/N,RIO JURUA,"AVENIDA RIO JURUA, RIO JURUA, CRUZEIRO DO SUL, AC, BRASIL",-32.09113,-52.1771,"Rua Rio Juruá, 96215-600, Rio Grande","32 5m 28.068s S, 52 10m 37.56s W",96215-600,0
AC,CRUZEIRO DO SUL,POSTO DE SAUDE FAZENDA SAO GERALDO,COMUNIDADE FAZENDA SAO GERALDO LOTE 03,S/N,SAO GERALDO,"COMUNIDADE FAZENDA SAO GERALDO LOTE 03, SAO GERALDO, CRUZEIRO DO SUL, AC, BRASIL",-19.57819,-46.9511,"Acesso à Rua Rio Grande do Sul, 38180, Araxá","19 34m 41.484s S, 46 57m 3.96s W",38180,0
AC,CRUZEIRO DO SUL,UNIDADE DE SAUDE DA FAMILIA NESTOR SOARES DE VASCONCELOS,AV 7 DE SETEMBRO,12,COHAB,"AV 7 DE SETEMBRO, COHAB, CRUZEIRO DO SUL, AC, BRASIL",-7.63797,-72.66986999999997,"Rua Sete de Setembro, 7, 69980-000, Cruzeiro do Sul","7 38m 16.692s S, 72 40m 11.532s W",69980-000,5710111
AC,CRUZEIRO DO SUL,UNIDADE DE SAUDE DA FAMILIA FRANCISCO SOUZA DOS SANTOS,RUA SIQUEIRA CAMPOS,S/N,CENTRO,"RUA SIQUEIRA CAMPOS, CENTRO, CRUZEIRO DO SUL, AC, BRASIL",-7.626448299999999,-72.66838879999997,"Rua Siqueira Campos, Colegio, Cruzeiro do Sul, Região Geográfica Imediata de Cruzeiro do Sul, Região Geográfica Intermediária de Cruzeiro do Sul, Acre, Região Norte, 69980-000, Brasil","7 37m 35.2139s S, 72 40m 6.19968s W",69980-000,7232489
AC,CRUZEIRO DO SUL,UNIDADE DE SAUDE DA FAMILIA MANOEL RODRIGUES DE ARAUJO,ESTRADA DO CANELA FINA,S/N,CANELA FINA,"ESTRADA DO CANELA FINA, CANELA FINA, CRUZEIRO DO SUL, AC, BRASIL",-7.563096000000002,-72.7188344,"Estrada da Ufac, Cruzeiro do Sul, Região Geográfica Imediata de Cruzeiro do Sul, Região Geográfica Intermediária de Cruzeiro do Sul, Acre, Região Norte, 69859-000, Brasil","7 33m 47.1456s S, 72 43m 7.80384s W",69859-000,2000601
AC,CRUZEIRO DO SUL,UNIDADE DA SAUDE DA FAM JOSE MATHEUS ARNALDO DOS SANTOS,BR 364,S/N,MIRITIZAL,"BR 364, MIRITIZAL, CRUZEIRO DO SUL, AC, BRASIL",-7.759710000000001,-72.32204,"BR-364, 69970, 69980, Cruzeiro do Sul","7 45m 34.956s S, 72 19m 19.344s W",69970,2000369
AC,CRUZEIRO DO SUL,UNIDADE DE SAUDE DA FAMILIA RAIMUNDO CELSO LIMA VERDE,RUA DO REMANSO,S/N,REMANSO,"RUA DO REMANSO, REMANSO, CRUZEIRO DO SUL, AC, BRASIL",-7.6248613,-72.6552515,"Rua Francisco P da Silva, Remanso, Cruzeiro do Sul, Região Geográfica Imediata de Cruzeiro do Sul, Região Geográfica Intermediária de Cruzeiro do Sul, Acre, Região Norte, 69980-000, Brasil","7 37m 29.5007s S, 72 39m 18.9054s W",69980-000,7247435
AC,CRUZEIRO DO SUL,UNIDADE PENITENCIARIA MANOEL NERI DA SILVA,LINHA DO DIVISOR,S/N,FORMOSO,"LINHA DO DIVISOR, FORMOSO, CRUZEIRO DO SUL, AC, BRASIL",-7.6345,-72.66858,Cruzeiro do Sul,"7 38m 4.2s S, 72 40m 6.888s W",,7343736
AC,CRUZEIRO DO SUL,UNIDADE DE SAUDE DA FAMILIA FRANCISCO PEREIRA DANTAS,ESTRADA DO AEROPORTO INTERNACIONAL,10,IGARAPE PRETO,"ESTRADA DO AEROPORTO INTERNACIONAL, IGARAPE PRETO, CRUZEIRO DO SUL, AC, BRASIL",-7.59318,-72.74561,"Estrada do Aeroporto, 69980-000, Cruzeiro do Sul","7 35m 35.448s S, 72 44m 44.196s W",69980-000,6270638
AC,CRUZEIRO DO SUL,UNIDADE DE SAUDE DA FAMILIA LUIZ GONZAGA,SERINGAL SAO PEDRO,S/N,SAO PEDRO,"SERINGAL SAO PEDRO, SAO PEDRO, CRUZEIRO DO SUL, AC, BRASIL",-29.60987,-54.16813000000001,São Pedro do Sul,"29 36m 35.532s S, 54 10m 5.268s W",,2000547
AC,CRUZEIRO DO SUL,UNIDADE BASICA DE SAUDE PENTECOSTES,ESTRADA DO DERACRE,S/N,PETENCOSTE,"ESTRADA DO DERACRE, PETENCOSTE, CRUZEIRO DO SUL, AC, BRASIL",-7.59318,-72.74561,"Estrada do Aeroporto, 69980-000, Cruzeiro do Sul","7 35m 35.448s S, 72 44m 44.196s W",69980-000,2000555
AC,CRUZEIRO DO SUL,UNIDADE BASICA DE SAUDE GEOVANA MARIA FREITAS DO VALE,BR 364,S/N,LAGOINHA,"BR 364, LAGOINHA, CRUZEIRO DO SUL, AC, BRASIL",-7.7402104,-72.4960494,"BR-364, Cruzeiro do Sul, Região Geográfica Imediata de Cruzeiro do Sul, Região Geográfica Intermediária de Cruzeiro do Sul, Acre, Região Norte, Brasil","7 44m 24.7574s S, 72 29m 45.7778s W",,2000598
AC,CRUZEIRO DO SUL,UNIDADE DE SAUDE DA FAMILIA GERALDO MAIA,BR 364,S/N,SANTA ROSA,"BR 364, SANTA ROSA, CRUZEIRO DO SUL, AC, BRASIL",-7.6774602,-72.80876490000001,"BR-364, Cruzeiro do Sul, Região Geográfica Imediata de Cruzeiro do Sul, Região Geográfica Intermediária de Cruzeiro do Sul, Acre, Região Norte, Brasil","7 40m 38.8567s S, 72 48m 31.5536s W",,2000571
AC,CRUZEIRO DO SUL,UBS RIO LIBERDADE MAURICIO MAPES,COMUNIDADE SAO PEDRO,S/N,RIO LIBERDADE,"COMUNIDADE SAO PEDRO, RIO LIBERDADE, CRUZEIRO DO SUL, AC, BRASIL",-29.60987,-54.16813000000001,São Pedro do Sul,"29 36m 35.532s S, 54 10m 5.268s W",,0
AC,EPITACIOLANDIA,ESF MANOEL ARAUJO DA COSTA,RUA VENEZUELA,S/N,SATEL,"RUA VENEZUELA, SATEL, EPITACIOLANDIA, AC, BRASIL",-11.02269,-68.74999,"Rua Venezuela, 69934-000, Epitaciolândia","11 1m 21.684s S, 68 44m 59.964s W",69934-000,2003147
AC,EPITACIOLANDIA,CENTRO DE SAUDE JOSE CANDIDO DE MESQUITA,RUA DOM JULIO MATIOLLE,S/N,CENTRO,"RUA DOM JULIO MATIOLLE, CENTRO, EPITACIOLANDIA, AC, BRASIL",-11.02389,-68.74552,"Rua Dom Júlio Matiolli, 69934-000, Epitaciolândia","11 1m 26.004s S, 68 44m 43.872s W",69934-000,2001330
AC,EPITACIOLANDIA,ESF SUELLEN DE LIMA CASTELO,BR 317 KM 09 VILA PROGRESSO,S/N,ZONA RURAL,"BR 317 KM 09 VILA PROGRESSO, ZONA RURAL, EPITACIOLANDIA, AC, BRASIL",-22.28209,-51.91043,"Via de Acesso à Zona Rural, 317, 19260-000, Mirante do Paranapanema","22 16m 55.524s S, 51 54m 37.548s W",19260-000,2003090
AC,EPITACIOLANDIA,ESF JOAO ALVES DA SILVA,RUA DO CEMITERIO,S/N,LIBERDADE,"RUA DO CEMITERIO, LIBERDADE, EPITACIOLANDIA, AC, BRASIL",-11.07647,-43.13278,"Acesso à Rua do Cemitério, 47100-000, Barra","11 4m 35.292s S, 43 7m 58.008s W",47100-000,2001314
AC,EPITACIOLANDIA,ESF JOSE FRANCISCO DO NASCIMENTO,RUA SAO SEBASTIAO,S/N,JOSE HASSEM,"RUA SAO SEBASTIAO, JOSE HASSEM, EPITACIOLANDIA, AC, BRASIL",-11.0316976,-68.74929250000001,"Rua São Sebastião, José Hassem, Epitaciolândia, Região Geográfica Imediata de Brasiléia, Região Geográfica Intermediária de Rio Branco, Acre, Região Norte, 69934-000, Brasil","11 1m 54.1114s S, 68 44m 57.453s W",69934-000,2001322
AC,EPITACIOLANDIA,ESF SAO CRISTOVAO,EST VELHA KM 33,S/N,ZONA RURAL,"EST VELHA KM 33, ZONA RURAL, EPITACIOLANDIA, AC, BRASIL",-22.28465,-51.91008,"Via de Acesso à Zona Rural, 33, 19260-000, Mirante do Paranapanema","22 17m 4.74s S, 51 54m 36.288s W",19260-000,2003112
AC,EPITACIOLANDIA,ESF JOSE PAULO DE SOUZA,RUA CAPITAO PEDRO VASCONCELOS,S/N,AEROPORTO,"RUA CAPITAO PEDRO VASCONCELOS, AEROPORTO, EPITACIOLANDIA, AC, BRASIL",-11.03532,-68.73408,"Rua Cap Pedro de Vasconcelos, 69934-000, Epitaciolândia","11 2m 7.152s S, 68 44m 2.688s W",69934-000,6634230
AC,FEIJO,U S F ANTONIO DOMINGOS RODRIGUES,RUA JARINA,S/N,ZENAIDE PAIVA,"RUA JARINA, ZENAIDE PAIVA, FEIJO, AC, BRASIL",-8.1811166,-70.3522047,"Rua Jarina, Bairro da Cohab, Zenaide Paiva, Feijó, Região Geográfica Imediata de Tarauacá, Região Geográfica Intermediária de Cruzeiro do Sul, Acre, Região Norte, 69960-000, Brasil","8 10m 52.0198s S, 70 21m 7.93692s W",69960-000,7014147
AC,FEIJO,U S F DR JOSE LUIZ DE SOUZA,RUA EDINALDO GOMES FERREIRA,S/N,GENIR NUNES,"RUA EDINALDO GOMES FERREIRA, GENIR NUNES, FEIJO, AC, BRASIL",-8.16549,-70.34132,"Rua Edinaldo Gomes Ferreira, 69960-000, Feijó","8 9m 55.764s S, 70 20m 28.752s W",69960-000,6934013
AC,FEIJO,U S F FLORINDA VIEIRA DA COSTA,RUA PROJETADA G,S/N,CONQUISTA,"RUA PROJETADA G, CONQUISTA, FEIJO, AC, BRASIL",-22.89441,-43.48082,"Rua Projetada G Ac Av Pires Rebelo, Rio de Janeiro","22 53m 39.876s S, 43 28m 50.952s W",,7797494
AC,FEIJO,CENTRO DE SAUDE DIAMANTINO MACEDO,PRESIDENTE COSTA E SILVA,S/N,2 DISTRITO,"PRESIDENTE COSTA E SILVA, 2 DISTRITO, FEIJO, AC, BRASIL",-8.16264,-70.34959,"Rua Presidente Costa e Silva, 2, 69960-000, Feijó","8 9m 45.504s S, 70 20m 58.524s W",69960-000,2000040
AC,FEIJO,U S F MARIA ALICE,RUA NESTOR FERREIRA BRAGA,S/N,ESPERANCA,"RUA NESTOR FERREIRA BRAGA, ESPERANCA, FEIJO, AC, BRASIL",-8.16894,-70.3467,"Rua Nestor Ferreira Braga, 69960-000, Feijó","8 10m 8.184s S, 70 20m 48.12s W",69960-000,2000059
AC,FEIJO,UNIDADE DE SAUDE DA FAMILIA DULCE DE ARAUJO ANDRADE SENA,RUA ANASTACIO BARROSO,S/N,CENTRO,"RUA ANASTACIO BARROSO, CENTRO, FEIJO, AC, BRASIL",-8.1693,-70.35638,"Rua Anastácio Barroso, 69960-000, Feijó","8 10m 9.48s S, 70 21m 22.968s W",69960-000,3544915
AC,FEIJO,U S F FRANCISCA XAVIER FERREIRA,RUA 21 DE DEZEMBRO,S/N,NAIR ARAUJO,"RUA 21 DE DEZEMBRO, NAIR ARAUJO, FEIJO, AC, BRASIL",-8.17636,-70.35401,"Rua 21 de Dezembro, 69960-000, Feijó","8 10m 34.896s S, 70 21m 14.436s W",69960-000,2002825
AC,FEIJO,U S F FRANCISCA LIMA,RUA FRANCISCO CARNEIRO DE FRANCA,S/N,BELA VISTA,"RUA FRANCISCO CARNEIRO DE FRANCA, BELA VISTA, FEIJO, AC, BRASIL",-10.31965,-67.1809,"Rua Francisco Carneiro de Barros, 69928-000, Plácido de Castro","10 19m 10.74s S, 67 10m 51.24s W",69928-000,2000067
AC,JORDAO,HOSPITAL DA FAMILIA DR MARCIO ROGERIO CAMARGO,RUA ROMILDO MAGALHAES,S/N,CENTRO,"RUA ROMILDO MAGALHAES, CENTRO, JORDAO, AC, BRASIL",-9.18721,-71.95118000000002,"Rua Romildo Magalhães, 69975-959, Jordão","9 11m 13.956s S, 71 57m 4.248s W",69975-959,0
AC,JORDAO,SAUDE DA FAMILIA RIBEIRINHA,RIO TARAUACA,S/N,ZONNA RURAL,"RIO TARAUACA, ZONNA RURAL, JORDAO, AC, BRASIL",-8.16854,-70.76229000000002,"Rua Rio Tarauacá, 69970-000, Tarauacá","8 10m 6.744s S, 70 45m 44.244s W",69970-000,7123043
AC,JORDAO,UNIDADE DE SAUDE DA FAMILIA ANTONIO RODRIGUES DOURADO,RUA ROMILDO MAGALHAES,S/N,CENTRO,"RUA ROMILDO MAGALHAES, CENTRO, JORDAO, AC, BRASIL",-9.18721,-71.95118000000002,"Rua Romildo Magalhães, 69975-959, Jordão","9 11m 13.956s S, 71 57m 4.248s W",69975-959,5354072
AC,JORDAO,UNIDADE DE SAUDE DA FAMILIA MARIA LIMA SOUZA ARAGAO,COMUNIDADE NOVO PORTO RIO MURU,S/N,ZONA RURAL,"COMUNIDADE NOVO PORTO RIO MURU, ZONA RURAL, JORDAO, AC, BRASIL",-29.99984000000001,-51.10847,"Acesso e 7 Lot Porto Novo, 91160, Porto Alegre","29 59m 59.424s S, 51 6m 30.492s W",91160,9516530
AC,MANCIO LIMA,U S F FRANCISCO ALENCAR,PARANA PENTECOSTE,258,ZONA RURAL,"PARANA PENTECOSTE, ZONA RURAL, MANCIO LIMA, AC, BRASIL",-7.60769,-72.90594,Mâncio Lima,"7 36m 27.684s S, 72 54m 21.384s W",,2002221
AC,MANCIO LIMA,U S F JOSE ARAUJO,JOAO ELEOTERIO DA SILVA,478,IRACEMA,"JOAO ELEOTERIO DA SILVA, IRACEMA, MANCIO LIMA, AC, BRASIL",-7.5889527,-72.93559040000002,"Rua João Eleoterio da Silva, Iracema, Mâncio Lima, Região Geográfica Imediata de Cruzeiro do Sul, Região Geográfica Intermediária de Cruzeiro do Sul, Acre, Região Norte, 69990-000, Brasil","7 35m 20.2297s S, 72 56m 8.12544s W",69990-000,2000091
AC,MANCIO LIMA,U S F SOFIA ALMEIDA BARRETO,RUA OSVALDO CORREIA SANTANA,105,SAO FRANCISCO,"RUA OSVALDO CORREIA SANTANA, SAO FRANCISCO, MANCIO LIMA, AC, BRASIL",-7.5929600000000015,-72.92599,"Travessa São Francisco & Rua Osvaldo Correia de Santana, 69990, Mâncio Lima","7 35m 34.656s S, 72 55m 33.564s W",69990,6568629
AC,MANCIO LIMA,POSTO DE SAUDE JOAQUIN LOPES,SAO SALVADOR,159,RIO MOA,"SAO SALVADOR, RIO MOA, MANCIO LIMA, AC, BRASIL",-22.83393,-43.36305,"Praça São Salvador Acesso Av Brasil, 21515, Rio de Janeiro","22 50m 2.148s S, 43 21m 46.98s W",21515,0
AC,MANCIO LIMA,UBS RAIMUNDO REGINALDO DE ALMEIDA,RUA JOSE HACHAER,S/N,SAO VIDAL,"RUA JOSE HACHAER, SAO VIDAL, MANCIO LIMA, AC, BRASIL",-7.617189999999999,-72.90562,"Rua José Batista dos Santos, Mâncio Lima","7 37m 1.884s S, 72 54m 20.232s W",,9542566
AC,MANCIO LIMA,U S F QUINTINO RIO BRANCO LEBRE,MARIA EMILIA DE NAZARE,2015,COBAL,"MARIA EMILIA DE NAZARE, COBAL, MANCIO LIMA, AC, BRASIL",-5.81255,-38.30659,"Rua Maria Emília de Almeida Lima, 62980-000, Iracema","5 48m 45.18s S, 38 18m 23.724s W",62980-000,2000105
AC,MANCIO LIMA,UNIDADE S FAMILIA DR CERQUEIRA,AVENIDA JAPIIM,S/N,GUARANI,"AVENIDA JAPIIM, GUARANI, MANCIO LIMA, AC, BRASIL",-7.601269999999999,-72.91369,"Avenida Japiim 2, 69990-000, Mâncio Lima","7 36m 4.572s S, 72 54m 49.284s W",69990-000,2002272
AC,MANCIO LIMA,USF WILSON BATISTA SIQUEIRA,RUA ANSELMO MAIA,205,SAO VIDAL,"RUA ANSELMO MAIA, SAO VIDAL, MANCIO LIMA, AC, BRASIL",-7.60962,-72.92296,"Rua Anselmo Maia, 69990-000, Mâncio Lima","7 36m 34.632s S, 72 55m 22.656s W",69990-000,7168748
AC,MANOEL URBANO,UNIDADE DE SAUDE INACIO RIBEIRO DA SILVA,RUA VALERIO G DE MAGALHAES,S/N,CENTRO,"RUA VALERIO G DE MAGALHAES, CENTRO, MANOEL URBANO, AC, BRASIL",-8.840010000000003,-69.26085,"Rua Valério Caldas de Magalhães, 69950-959, Manoel Urbano","8 50m 24.036s S, 69 15m 39.06s W",69950-959,2000954
AC,MANOEL URBANO,SESACRE UNIDADE MISTA DE MANOEL URBANO,RUA FRANCISCO FREITAS,S/N,SAO JOSE,"RUA FRANCISCO FREITAS, SAO JOSE, MANOEL URBANO, AC, BRASIL",-8.83847,-69.26261,"Rua Francisco Freitas, 69950-000, Manoel Urbano","8 50m 18.492s S, 69 15m 45.396s W",69950-000,0
AC,MANOEL URBANO,UNIDADE BASICA DE SAUDE MILTON AUGUSTO DA SILVA,BR 364 KM 16,S/N,BR 364,"BR 364 KM 16, BR 364, MANOEL URBANO, AC, BRASIL",-8.8875548,-69.2773666,"BR-364, Manoel Urbano, Região Geográfica Imediata de Sena Madureira, Região Geográfica Intermediária de Rio Branco, Acre, Região Norte, Brasil","8 53m 15.1973s S, 69 16m 38.5198s W",,9846433
AC,MANOEL URBANO,UNIDADE DE SAUDE JOSEFA NUNES,RUA FRANCISCO FERREIRA MENDES,S/N,SAO FRANCISCO,"RUA FRANCISCO FERREIRA MENDES, SAO FRANCISCO, MANOEL URBANO, AC, BRASIL",-8.83287,-69.26543000000001,"Rua Francisco Ferreira Mendes, 69950-000, Manoel Urbano","8 49m 58.332s S, 69 15m 55.548s W",69950-000,2000962
AC,MANOEL URBANO,UNIDADE BASICA DE SAUDE PROJETO LIBERDADE,BR 364 KM 16,S/N,BR 364,"BR 364 KM 16, BR 364, MANOEL URBANO, AC, BRASIL",-8.8875548,-69.2773666,"BR-364, Manoel Urbano, Região Geográfica Imediata de Sena Madureira, Região Geográfica Intermediária de Rio Branco, Acre, Região Norte, Brasil","8 53m 15.1973s S, 69 16m 38.5198s W",,9824154
AC,MARECHAL THAUMATURGO,USF RAIMUNDO GOMES DE AZEVEDO,RUA RAIMUNDO MARGARIDA,S/N,CENTRO,"RUA RAIMUNDO MARGARIDA, CENTRO, MARECHAL THAUMATURGO, AC, BRASIL",-8.94861,-72.78729,Marechal Thaumaturgo,"8 56m 54.996s S, 72 47m 14.244s W",,9014896
AC,MARECHAL THAUMATURGO,USF DR NALDIR MARIANO,RUA FRANCISCO BEZERRA,S/N,CENTRO,"RUA FRANCISCO BEZERRA, CENTRO, MARECHAL THAUMATURGO, AC, BRASIL",-8.950239999999997,-72.7891,"Rua Francisco Bezerra, 69983-000, Marechal Thaumaturgo","8 57m 0.864s S, 72 47m 20.76s W",69983-000,0
AC,MARECHAL THAUMATURGO,USF SAUDE DA FAMILIA MOVEL,COMUNIDADE BELFORT,S/N,ZONA RURAL,"COMUNIDADE BELFORT, ZONA RURAL, MARECHAL THAUMATURGO, AC, BRASIL",-8.94861,-72.78729,Marechal Thaumaturgo,"8 56m 54.996s S, 72 47m 14.244s W",,0
AC,MARECHAL THAUMATURGO,USF LUIZ FONTINELI,ZONA RURAL,S/N,VILA RESTAURACAO,"ZONA RURAL, VILA RESTAURACAO, MARECHAL THAUMATURGO, AC, BRASIL",-8.94861,-72.78729,Marechal Thaumaturgo,"8 56m 54.996s S, 72 47m 14.244s W",,0
AC,MARECHAL THAUMATURGO,USF ROSENDO RODRIGUES,RIO JURUA,S/N,VILA FOZ DO BREU,"RIO JURUA, VILA FOZ DO BREU, MARECHAL THAUMATURGO, AC, BRASIL",-8.9525,-72.79092,"Rua do Rio Amônio, 69983-000, Marechal Thaumaturgo","8 57m 9s S, 72 47m 27.312s W",69983-000,0
AC,MARECHAL THAUMATURGO,UNIDADE MISTA DE MARECHAL THAUMATURGO,RUA 05 DE NOVEMBRO,S/N,CENTRO,"RUA 05 DE NOVEMBRO, CENTRO, MARECHAL THAUMATURGO, AC, BRASIL",-8.94455,-72.78491,"Rua 5 de Novembro, Marechal Thaumaturgo","8 56m 40.38s S, 72 47m 5.676s W",,0
AC,PLACIDO DE CASTRO,UNIDADE MISTA ANA NERY,RUA KAXINAUAS,339,CENTRO,"RUA KAXINAUAS, CENTRO, PLACIDO DE CASTRO, AC, BRASIL",-10.06421,-67.29871,"Rua Kaxinawás, 69929, Plácido de Castro","10 3m 51.156s S, 67 17m 55.356s W",69929,0
AC,PLACIDO DE CASTRO,U S F MARIO GOMES DA SILVA,ROD AC 40 KM 58,S/N,ROD AC 40,"ROD AC 40 KM 58, ROD AC 40, PLACIDO DE CASTRO, AC, BRASIL",-10.30945,-67.19964,"Rodovia AC-40, 69928-000, Plácido de Castro","10 18m 34.02s S, 67 11m 58.704s W",69928-000,5493455
AC,PLACIDO DE CASTRO,U S F JOAO DE DEUS,ROD AC 40 KM 02,S/N,MUTIRAO III,"ROD AC 40 KM 02, MUTIRAO III, PLACIDO DE CASTRO, AC, BRASIL",-10.30945,-67.19964,"Rodovia AC-40, 69928-000, Plácido de Castro","10 18m 34.02s S, 67 11m 58.704s W",69928-000,2002922
AC,PLACIDO DE CASTRO,U S F CECILIA SANTANA DE MENEZES SEVERINO,AC 40 KM 75 TRIUNFO,25,ZONA RURAL,"AC 40 KM 75 TRIUNFO, ZONA RURAL, PLACIDO DE CASTRO, AC, BRASIL",-10.30945,-67.19964,"Rodovia AC-40, 69928-000, Plácido de Castro","10 18m 34.02s S, 67 11m 58.704s W",69928-000,0
AC,PLACIDO DE CASTRO,U S F MARIA DE FATIMA FERREIRA DE PAULA,RUA CORONEL FONTINELE DE CASTRO,1080,CENTRO,"RUA CORONEL FONTINELE DE CASTRO, CENTRO, PLACIDO DE CASTRO, AC, BRASIL",-10.15606,-67.74128,"Rua Coronel Fontinele de Castro, 69925-000, Senador Guiomard","10 9m 21.816s S, 67 44m 28.608s W",69925-000,2002930
AC,PLACIDO DE CASTRO,U S F LUCIO ALVES DA SILVA,RUA FRANCISCO MARQUES DOS SANTOS,675,THAUMATURGO,"RUA FRANCISCO MARQUES DOS SANTOS, THAUMATURGO, PLACIDO DE CASTRO, AC, BRASIL",-10.32036,-67.18199,"Rua Francisco Marques dos Santos, 69928-000, Plácido de Castro","10 19m 13.296s S, 67 10m 55.164s W",69928-000,6411312
AC,PLACIDO DE CASTRO,U S F DOLORES SILVA VALENTIN,RUA EPITACIO PESSOA,S/N,CAGEACRE,"RUA EPITACIO PESSOA, CAGEACRE, PLACIDO DE CASTRO, AC, BRASIL",-10.32787,-67.18547,"Avenida Epitácio Pessoa, 69928-000, Plácido de Castro","10 19m 40.332s S, 67 11m 7.692s W",69928-000,2000989
AC,PLACIDO DE CASTRO,U S F RAIMUNDO NONATO DE SOUZA MARQUES,RODOVIA AC 475 KM 14,S/N,ZONA RURAL,"RODOVIA AC 475 KM 14, ZONA RURAL, PLACIDO DE CASTRO, AC, BRASIL",-10.31995,-67.18768,"Rodovia AC-475, 475, 69928-000, Plácido de Castro","10 19m 11.82s S, 67 11m 15.648s W",69928-000,5360064
AC,PLACIDO DE CASTRO,U S F FRANCISCO DE CASTRO,RUA AQUIRI,206,ZONA RURAL DISTRIT,"RUA AQUIRI, ZONA RURAL DISTRIT, PLACIDO DE CASTRO, AC, BRASIL",-10.06293,-67.29446999999999,"Rua Uaquiri, 69929-000, Plácido de Castro","10 3m 46.548s S, 67 17m 40.092s W",69929-000,3595943
AC,PORTO ACRE,UNIDADE DE SAUDE DA FAMILIA OSWALDO CRUZ,ROD AC 10 KM 29,S/N,PROJETO HUMAITA,"ROD AC 10 KM 29, PROJETO HUMAITA, PORTO ACRE, AC, BRASIL",-9.59279,-67.54293,"Rodovia AC-10, 69927-000, Porto Acre","9 35m 34.044s S, 67 32m 34.548s W",69927-000,0
AC,PORTO ACRE,UNIDADE DE SAUDE DA FAMILIA ILDA BARBOSA DE SOUZA,RUA DO LIMAO,S/N,PROJETO HUMAITA VILA,"RUA DO LIMAO, PROJETO HUMAITA VILA, PORTO ACRE, AC, BRASIL",-9.59293,-67.53815,"Rua do Antigo Chalé, Porto Acre","9 35m 34.548s S, 67 32m 17.34s W",,2000504
AC,PORTO ACRE,UNIDADE DE SAUDE DA FAMILIA MARIA SOLEDADE SOARES GADELHA,ROD AC 10KM 56,S/N,LIVRAMENTO,"ROD AC 10KM 56, LIVRAMENTO, PORTO ACRE, AC, BRASIL",-9.59279,-67.54293,"Rodovia AC-10, 69927-000, Porto Acre","9 35m 34.044s S, 67 32m 34.548s W",69927-000,2001128
AC,PORTO ACRE,UNIDADE DE SAUDE DA FAMILIA ALVARO ARAUJO NOBRE,RAMAL BOA FE,S/N,PROJETO TOCANTINS,"RAMAL BOA FE, PROJETO TOCANTINS, PORTO ACRE, AC, BRASIL",-10.05336,-67.79267,"Ramal Sta Fe, 69906, Rio Branco","10 3m 12.096s S, 67 47m 33.612s W",69906,3323307
AC,PORTO ACRE,UNIDADE DE SAUDE DA FAMILIA DANIEL GLENDSON DE LUCENA,TRAVESSA DAS MARGARIDAS LOTE 25 QUADRA 2,S/N,PROJETO CAQUETA,"TRAVESSA DAS MARGARIDAS LOTE 25 QUADRA 2, PROJETO CAQUETA, PORTO ACRE, AC, BRASIL",-9.58833,-67.5325,"Porto Acre, BR","9 35m 17.988s S, 67 31m 57s W",,3323293
AC,PORTO WALTER,UNIDADE MISTA DE PORTO WALTER,RUA MAMED CAMELY,S/N,CENTRO,"RUA MAMED CAMELY, CENTRO, PORTO WALTER, AC, BRASIL",-8.267330000000001,-72.74499,"Rua Mamed Cameli, 69982-000, Porto Walter","8 16m 2.388s S, 72 44m 41.964s W",69982-000,0
AC,PORTO WALTER,UBS VICENTE VARELA DE ALMEIDA,RUA BEIRA RIO,S/N,CENTRO,"RUA BEIRA RIO, CENTRO, PORTO WALTER, AC, BRASIL",-8.268239999999999,-72.74215,"Rua Beira Rio, 69982-000, Porto Walter","8 16m 5.664s S, 72 44m 31.74s W",69982-000,0
AC,PORTO WALTER,POSTO DE SAUDE MANOEL BEZERRA CORREIA,BIZOURO,S/N,ZONA RURAL,"BIZOURO, ZONA RURAL, PORTO WALTER, AC, BRASIL",-8.26693,-72.74469,Porto Walter,"8 16m 0.948s S, 72 44m 40.884s W",,0
AC,PORTO WALTER,POSTO DE SAUDE MARIA AUGUSTA DA CONCEICAO SILVA,VITORIA,S/N,ZONA RURAL,"VITORIA, ZONA RURAL, PORTO WALTER, AC, BRASIL",-8.26693,-72.74469,Porto Walter,"8 16m 0.948s S, 72 44m 40.884s W",,0
AC,PORTO WALTER,UBS MAURICIO PINHEIRO DE OLIVEIRA,RUA MARIA SOBREIRA LIMA,S/N,PORTELINHA,"RUA MARIA SOBREIRA LIMA, PORTELINHA, PORTO WALTER, AC, BRASIL",-22.23912,-45.93326,"Rua Maria A.C. Lima, 35573-000, Pouso Alegre","22 14m 20.832s S, 45 55m 59.736s W",35573-000,7959087
AC,PORTO WALTER,UBS FRANCISCA DAS CHAGAS LUSTOSA,RUA HUMAITA,S/N,ZONA RURAL,"RUA HUMAITA, ZONA RURAL, PORTO WALTER, AC, BRASIL",-29.978590000000004,-51.18795,"Rua Walter Ferreira, 90245, 90250, Porto Alegre","29 58m 42.924s S, 51 11m 16.62s W",90245,9315578
AC,RIO BRANCO,USF MARIA DA CONCEICAO,RUA PRIMAVERA,36,BELO JARDIM I,"RUA PRIMAVERA, BELO JARDIM I, RIO BRANCO, AC, BRASIL",-9.94735,-67.8492,"Rua Belo Jardim, 69906, Rio Branco","9 56m 50.46s S, 67 50m 57.12s W",69906,3015556
AC,RIO BRANCO,URAP AUGUSTO HIDALGO DE LIMA,RUA TIAO NATUREZA,271,BAHIA,"RUA TIAO NATUREZA, BAHIA, RIO BRANCO, AC, BRASIL",-9.9830968,-67.82639250000001,"Rua Tião Natureza, Bahia, Centro, Rio Branco, Região Geográfica Imediata de Rio Branco, Região Geográfica Intermediária de Rio Branco, Acre, Região Norte, 69911-204, Brasil","9 58m 59.1485s S, 67 49m 35.013s W",69911-204,2000830
AC,RIO BRANCO,URAP DRA CLAUDIA VITORINO,RUA BAGUARI,40,TAQUARI,"RUA BAGUARI, TAQUARI, RIO BRANCO, AC, BRASIL",-10.0034024,-67.8185727,"Rua Baguary, Bairro Ayrton Senna, Quinze, Rio Branco, Região Geográfica Imediata de Rio Branco, Região Geográfica Intermediária de Rio Branco, Acre, Região Norte, 69906-037, Brasil","10 0m 12.2486s S, 67 49m 6.86172s W",69906-037,2001306
AC,RIO BRANCO,USF ESPERANCA I,RUA EUCLIDES DA CUNHA,139,CONJUNTO ESPERANCA,"RUA EUCLIDES DA CUNHA, CONJUNTO ESPERANCA, RIO BRANCO, AC, BRASIL",-9.97124,-67.83468,"Rua Euclides da Cunha, 69915-168, Rio Branco","9 58m 16.464s S, 67 50m 4.848s W",69915-168,0
AC,RIO BRANCO,USF FRANCISCO CONSTANCIO DA SILVA,ESTRADA DA SOBRAL RUA DA SANACRE,2595,BOA VISTA SOBRAL,"ESTRADA DA SOBRAL RUA DA SANACRE, BOA VISTA SOBRAL, RIO BRANCO, AC, BRASIL",-9.98022,-67.82533000000001,"Rua A & Estrada da Sobral, 69912, Rio Branco","9 58m 48.792s S, 67 49m 31.188s W",69912,2306379
AC,RIO BRANCO,USF FRANCISCO EDUARDO DE PAIVA,RUA AMOTY PASCOAL,722,RUI LINO 3,"RUA AMOTY PASCOAL, RUI LINO 3, RIO BRANCO, AC, BRASIL",-9.98143,-67.83694,"Rua Rui Lino, 3, 69911, Rio Branco","9 58m 53.148s S, 67 50m 12.984s W",69911,2000814
AC,RIO BRANCO,USF AGRIPINA LINDOSO,RAMAL DA PICARREIRA KM 08,S/N,ZONA RURAL,"RAMAL DA PICARREIRA KM 08, ZONA RURAL, RIO BRANCO, AC, BRASIL",-9.9373,-67.90681,"Ramal da Picarreira, 69906, Rio Branco","9 56m 14.28s S, 67 54m 24.516s W",69906,7060394
AC,RIO BRANCO,USF TEREZA ROSAS,RUA DA PAZ,S/N,BELO JARDIM II,"RUA DA PAZ, BELO JARDIM II, RIO BRANCO, AC, BRASIL",-9.95854,-67.82961999999999,"Rua da Paz, Rio Branco","9 57m 30.744s S, 67 49m 46.632s W",,7120729
AC,RIO BRANCO,USF TRIANGULO NOVO,TRAV MARIA DE LOURDES,154,TRIANGULO NOVO,"TRAV MARIA DE LOURDES, TRIANGULO NOVO, RIO BRANCO, AC, BRASIL",-9.95265,-67.88716,"Rua Maria de Lourdes, 69911-845, Rio Branco","9 57m 9.54s S, 67 53m 13.776s W",69911-845,7120710
AC,RIO BRANCO,USF ELPIDIO MOREIRA SOUZA,RUA DA PRACA,S/N,DEFESA CIVIL,"RUA DA PRACA, DEFESA CIVIL, RIO BRANCO, AC, BRASIL",-9.95854,-67.82961999999999,"Rua da Paz, Rio Branco","9 57m 30.744s S, 67 49m 46.632s W",,7120680
AC,RIO BRANCO,USF RECANTO DOS BURITIS I,RUA QUEIROZ,1,RECANTO DOS BURITIS,"RUA QUEIROZ, RECANTO DOS BURITIS, RIO BRANCO, AC, BRASIL",-10.01449,-67.76099,"Acesso dos Burittis, 69906, Rio Branco","10 0m 52.164s S, 67 45m 39.564s W",69906,2003252
AC,RIO BRANCO,USF VITORIA I,TRAVESSA CAMPO VERDE,2,SAO FRANCISCO,"TRAVESSA CAMPO VERDE, SAO FRANCISCO, RIO BRANCO, AC, BRASIL",-10.04642,-67.77474000000001,"Travessa São Francisco, 69908-012, Rio Branco","10 2m 47.112s S, 67 46m 29.064s W",69908-012,2003031
AC,RIO BRANCO,USF CADEIA VELHA I,AV EPAMINONDAS JACOME,1878,CADEIA VELHA,"AV EPAMINONDAS JACOME, CADEIA VELHA, RIO BRANCO, AC, BRASIL",-9.97359,-67.79734,"Rua Epaminondas Jácome, Rio Branco","9 58m 24.924s S, 67 47m 50.424s W",,0
AC,RIO BRANCO,USF SANTA INES I,RUA EDMUNDO PINTO,314,SANTA INES,"RUA EDMUNDO PINTO, SANTA INES, RIO BRANCO, AC, BRASIL",-9.94903,-67.84784,"Rua Edmundo Pinto, Rio Branco","9 56m 56.508s S, 67 50m 52.224s W",,2001837
AC,RIO BRANCO,USF BENFICA,RODOVIA AC 40 KM 09,S/N,BENFICA,"RODOVIA AC 40 KM 09, BENFICA, RIO BRANCO, AC, BRASIL",-10.0533,-67.77462,"Rodovia AC-40, Rio Branco","10 3m 11.88s S, 67 46m 28.632s W",,2001829
AC,RIO BRANCO,URAP EDUARDO ASSMAR,RUA SALIM M FARAHT,S/N,QUINZE,"RUA SALIM M FARAHT, QUINZE, RIO BRANCO, AC, BRASIL",-9.9867,-67.81181,"Rua Salim Farhat, 69900-004, Rio Branco","9 59m 12.12s S, 67 48m 42.516s W",69900-004,2000512
AC,RIO BRANCO,URAP VILA IVONETE,AVENIDA ANTONIO DA ROCHA VIANA,S/N,VILA IVONETE,"AVENIDA ANTONIO DA ROCHA VIANA, VILA IVONETE, RIO BRANCO, AC, BRASIL",-9.95119,-67.82428,"Rua Antônio da Rocha Viana, Rio Branco","9 57m 4.284s S, 67 49m 27.408s W",,2000482
AC,RIO BRANCO,USF MOCINHA MAGALHAES,RUA DA BANANA,168,MOCINHA MAGALHAES,"RUA DA BANANA, MOCINHA MAGALHAES, RIO BRANCO, AC, BRASIL",-9.95854,-67.82961999999999,"Rua da Paz, Rio Branco","9 57m 30.744s S, 67 49m 46.632s W",,2001012
AC,RIO BRANCO,USF MARIA DE FATIMA I,RUA SANTA RITA,S/N,BAHIA NOVA,"RUA SANTA RITA, BAHIA NOVA, RIO BRANCO, AC, BRASIL",-9.9883525,-67.8302429,"Rua Santa Rita, Bahia, Nova Esperança, Rio Branco, Região Geográfica Imediata de Rio Branco, Região Geográfica Intermediária de Rio Branco, Acre, Região Norte, 69904-240, Brasil","9 59m 18.069s S, 67 49m 48.8744s W",69904-240,2000458
AC,RIO BRANCO,URAP ARY RODRIGUES,RUA 06 DE AGOSTO,1095,SEIS DE AGOSTO,"RUA 06 DE AGOSTO, SEIS DE AGOSTO, RIO BRANCO, AC, BRASIL",-9.9754651,-67.7964485,"Rua 06 de Agosto, Vila 6 de Agosto, Rio Branco, Região Geográfica Imediata de Rio Branco, Região Geográfica Intermediária de Rio Branco, Acre, Região Norte, 69900-310, Brasil","9 58m 31.6744s S, 67 47m 47.2146s W",69900-310,2000741
AC,RIO BRANCO,ESCOLA MUNICIPAL ISMAEL GOMES DE CARVALHO,RUA FRANCISCO MARINHEIRO,46,TANCREDO NEVES,"RUA FRANCISCO MARINHEIRO, TANCREDO NEVES, RIO BRANCO, AC, BRASIL",-10.00398,-67.77088,"Rua Tancredo Neves, 69907-854, Rio Branco","10 0m 14.328s S, 67 46m 15.168s W",69907-854,3642445
AC,RIO BRANCO,POLICLINICA BARRAL Y BARRAL,RUA SAO LAZARO,S/N,ESTACAO EXPERIMENTAL,"RUA SAO LAZARO, ESTACAO EXPERIMENTAL, RIO BRANCO, AC, BRASIL",-9.96438,-67.83717,"Rua São Lázaro, 69915-004, Rio Branco","9 57m 51.768s S, 67 50m 13.812s W",69915-004,2000075
AC,RIO BRANCO,ESCOLA PADRE ANTONIO DIOGO FEIJO,RUA DR ARY RODRIGUES,699,ABRAHAO ALAB,"RUA DR ARY RODRIGUES, ABRAHAO ALAB, RIO BRANCO, AC, BRASIL",-20.97216,-42.92147,"Rua Doutor Ary Assunção D-Oliveira, 36520-000, Visconde do Rio Branco","20 58m 19.776s S, 42 55m 17.292s W",36520-000,2002817
AC,RIO BRANCO,USF FRANCISCA BARBOSA GUERRA,TRAV COMARA,8,COMARA,"TRAV COMARA, COMARA, RIO BRANCO, AC, BRASIL",-9.99775,-67.80566,"Travessa Comara, 69906-314, Rio Branco","9 59m 51.9s S, 67 48m 20.376s W",69906-314,3015513
AC,RIO BRANCO,USF MARIA DE JESUS I,RUA BAGUARI,2381,TAQUARI,"RUA BAGUARI, TAQUARI, RIO BRANCO, AC, BRASIL",-10.0034024,-67.8185727,"Rua Baguary, Bairro Ayrton Senna, Quinze, Rio Branco, Região Geográfica Imediata de Rio Branco, Região Geográfica Intermediária de Rio Branco, Acre, Região Norte, 69906-037, Brasil","10 0m 12.2486s S, 67 49m 6.86172s W",69906-037,2001810
AC,RIO BRANCO,USF LUANA FREITAS I,RUA DOURADO,300,CONQUISTA,"RUA DOURADO, CONQUISTA, RIO BRANCO, AC, BRASIL",-9.97396,-67.85891,"Rua Dourado, 69914-650, Rio Branco","9 58m 26.256s S, 67 51m 32.076s W",69914-650,7565534
AC,RIO BRANCO,USF ALBERT SAMPAIO,RUA AMERICA MATEUS,S/N,VILA ALBERT SAMPAIO,"RUA AMERICA MATEUS, VILA ALBERT SAMPAIO, RIO BRANCO, AC, BRASIL",-10.01801,-67.6993,"Rua América Mateus, 69908, 69925, Rio Branco","10 1m 4.836s S, 67 41m 57.48s W",69908,0
AC,RIO BRANCO,USF MAXIMO DIOGO I,RUA PAULO LEMOS DE MOURA LEITE,1943,PORTAL DA AMAZONIA,"RUA PAULO LEMOS DE MOURA LEITE, PORTAL DA AMAZONIA, RIO BRANCO, AC, BRASIL",-9.96945,-67.87229,"Rua Paulo Lemos de Moura Leite, 69915-777, Rio Branco","9 58m 10.02s S, 67 52m 20.244s W",69915-777,7547153
AC,RIO BRANCO,CENTRO DE SAUDE DOUTOR MARIO MAIA,RUA NOVO ANDIRA,381,CIDADE NOVA,"RUA NOVO ANDIRA, CIDADE NOVA, RIO BRANCO, AC, BRASIL",-9.94493,-67.85279,"Rua Cidade Nova, 69919-382, Rio Branco","9 56m 41.748s S, 67 51m 10.044s W",69919-382,2000806
AC,RIO BRANCO,ESCOLA MUNICIPAL ALVARO VIEIRA DA ROCHA,RUA DO ESTUDANTE,36,CONQUISTA,"RUA DO ESTUDANTE, CONQUISTA, RIO BRANCO, AC, BRASIL",-9.94356,-67.85521,"Rua do Côco, 69920-030, Rio Branco","9 56m 36.816s S, 67 51m 18.756s W",69920-030,3642453
AC,RIO BRANCO,USF JOSE ADRIANO,TRAVESSA FRANCISCA COELHO,22,TRIANGULO VELHO,"TRAVESSA FRANCISCA COELHO, TRIANGULO VELHO, RIO BRANCO, AC, BRASIL",-10.00245,-67.79278000000001,"Travessa Coelho, 69907, Rio Branco","10 0m 8.82s S, 67 47m 34.008s W",69907,3054926
AC,RIO BRANCO,CENTRO DE SAUDE DEUSIMAR PINHEIRO DA SILVA,ESTRADA DAS PLACAS,912,PLACAS,"ESTRADA DAS PLACAS, PLACAS, RIO BRANCO, AC, BRASIL",-9.94038,-67.82133,"Rua das Placas, 69902, Rio Branco","9 56m 25.368s S, 67 49m 16.788s W",69902,2001713
AC,RIO BRANCO,USF FRANCISCO CARNEIRO TIO CHICO,ESTRADA DO QUIXADA RUA FLAMENGO,S/N,ELDOURADO,"ESTRADA DO QUIXADA RUA FLAMENGO, ELDOURADO, RIO BRANCO, AC, BRASIL",-9.93763,-67.79451,"Rua Flamengo & Estrada do Quixadá, 69902, Rio Branco","9 56m 15.468s S, 67 47m 40.236s W",69902,9463208
AC,RIO BRANCO,USF JOSE GOMES DE OLIVEIRA,RUA JOSE DO VALE,24,SOBRAL,"RUA JOSE DO VALE, SOBRAL, RIO BRANCO, AC, BRASIL",-9.94645,-67.809,"Rua do Vale, 69901-689, Rio Branco","9 56m 47.22s S, 67 48m 32.4s W",69901-689,2003015
AC,RIO BRANCO,USF MANOEL BEZERRA,RUA PADRE JOAO MARTINS,132,CIDADE DO POVO,"RUA PADRE JOAO MARTINS, CIDADE DO POVO, RIO BRANCO, AC, BRASIL",-17.74474,-46.15914,"Acesso à Rua Barão do Rio Branco, 38770-000, João Pinheiro","17 44m 41.064s S, 46 9m 32.904s W",38770-000,7818092
AC,RIO BRANCO,USF MARIA BARROSO DA SILVA I,ESTRADA DA SOBRAL,1547,SOBRAL,"ESTRADA DA SOBRAL, SOBRAL, RIO BRANCO, AC, BRASIL",-9.9817783,-67.8248229,"Estrada da Sobral, Sobral, Centro, Rio Branco, Região Geográfica Imediata de Rio Branco, Região Geográfica Intermediária de Rio Branco, Acre, Região Norte, 69911-114, Brasil","9 58m 54.4019s S, 67 49m 29.3624s W",69911-114,2003198
AC,RIO BRANCO,USF FRANCISCO CAETANO DA SILVA,RUA MAURI SERGIO,198,ADALBERTO ARAGAO,"RUA MAURI SERGIO, ADALBERTO ARAGAO, RIO BRANCO, AC, BRASIL",-9.96145,-67.78927,"Rua Mauri Sérgio, 69901-162, Rio Branco","9 57m 41.22s S, 67 47m 21.372s W",69901-162,3331881
AC,RIO BRANCO,USF RAIMUNDA DIONIZIO,RUA JURICABA,571,JOAO PAULO,"RUA JURICABA, JOAO PAULO, RIO BRANCO, AC, BRASIL",-21.0215,-42.82945,"Rua João Paulo, 36520-000, Visconde do Rio Branco","21 1m 17.4s S, 42 49m 46.02s W",36520-000,3331806
AC,RIO BRANCO,USF LUIZ GONZAGA I,RUA ALTAMIRA,567,ALTAMIRA,"RUA ALTAMIRA, ALTAMIRA, RIO BRANCO, AC, BRASIL",-9.95639,-67.82806,"Rua Altamira, 69918, Rio Branco","9 57m 23.004s S, 67 49m 41.016s W",69918,2003058
AC,RIO BRANCO,USF NIMEO INSFRAN MARTINEZ,AV MARIA JOSE DE OLIVEIRA,1061,DISTRITO INDUSTRIAL,"AV MARIA JOSE DE OLIVEIRA, DISTRITO INDUSTRIAL, RIO BRANCO, AC, BRASIL",-9.95239,-67.8861,"Rua Maria José de Oliveira, 69911-845, Rio Branco","9 57m 8.604s S, 67 53m 9.96s W",69911-845,3752259
AC,RIO BRANCO,USF MARIA SEBASTIANA,RUA MACHADO DE ASSIS RAMAL BOM JESUS,174,VILA ACRE,"RUA MACHADO DE ASSIS RAMAL BOM JESUS, VILA ACRE, RIO BRANCO, AC, BRASIL",-9.97742,-67.8286,"Rua Machado de Assís, 69911-268, Rio Branco","9 58m 38.712s S, 67 49m 42.96s W",69911-268,3331946
AC,RIO BRANCO,URAP ROZANGELA PIMENTEL FIGUEIRA,ESTRADA DO CALAFATE,S/N,CALAFATE,"ESTRADA DO CALAFATE, CALAFATE, RIO BRANCO, AC, BRASIL",-9.9802553,-67.89223220000001,"Estrada do Calafate, Calafate, Rio Branco, Região Geográfica Imediata de Rio Branco, Região Geográfica Intermediária de Rio Branco, Acre, Região Norte, 69920-900, Brasil","9 58m 48.9191s S, 67 53m 32.0359s W",69920-900,6119697
AC,RIO BRANCO,USF MARIA SOFIA,RUA FLAVIANO MELO,78,SANTA CECILIA,"RUA FLAVIANO MELO, SANTA CECILIA, RIO BRANCO, AC, BRASIL",-9.95996,-67.803,"Rua Flaviano Melo, 69901-372, Rio Branco","9 57m 35.856s S, 67 48m 10.8s W",69901-372,2002701
AC,RIO BRANCO,USF VALDEISA VALDEZ,RUA ANTONIO RIBEIRO,571,BELO JARDIM,"RUA ANTONIO RIBEIRO, BELO JARDIM, RIO BRANCO, AC, BRASIL",-10.01852,-67.78142,"Rua Antônio Ribeiro, 69925-000, Rio Branco","10 1m 6.672s S, 67 46m 53.112s W",69925-000,7799632
AC,RIO BRANCO,USF ROSA MARIA,RUA DAS ROSAS,S/N,JARDIM PRIMAVERA,"RUA DAS ROSAS, JARDIM PRIMAVERA, RIO BRANCO, AC, BRASIL",-9.98264,-67.86484,"Rua das Rosas, 69915-006, Rio Branco","9 58m 57.504s S, 67 51m 53.424s W",69915-006,2002809
AC,RIO BRANCO,USF NADEZIR DA SILVA DE LIMA,RUA MONTE SINAI,324,SANTA HELENA,"RUA MONTE SINAI, SANTA HELENA, RIO BRANCO, AC, BRASIL",-9.96258,-67.82263,"Rua Santa Helena, 69918-296, Rio Branco","9 57m 45.288s S, 67 49m 21.468s W",69918-296,2001853
AC,RIO BRANCO,USF SEBASTIANA PRADO ZONA RURAL,RODOVIA AC 90 KM 58,S/N,ZONA RURAL,"RODOVIA AC 90 KM 58, ZONA RURAL, RIO BRANCO, AC, BRASIL",-22.2935,-49.54593,"Rua Rio Branco, 90, 17450-000, Gália","22 17m 36.6s S, 49 32m 45.348s W",17450-000,2002779
AC,RIO BRANCO,USF PLATILDE OLIVEIRA I,RUA FLAVIANO MELO,S/N,TANCREDO NEVES,"RUA FLAVIANO MELO, TANCREDO NEVES, RIO BRANCO, AC, BRASIL",-9.95996,-67.803,"Rua Flaviano Melo, 69901-372, Rio Branco","9 57m 35.856s S, 67 48m 10.8s W",69901-372,3015548
AC,RIO BRANCO,MODULO DE SAUDE ACRE CSE,RUA MANIFE,S/N,APOLONIO SALES,"RUA MANIFE, APOLONIO SALES, RIO BRANCO, AC, BRASIL",-9.92788,-67.81178,"Estrada Apolônio Sales, 69902, 69906, Rio Branco","9 55m 40.368s S, 67 48m 42.408s W",69902,5036275
AC,RIO BRANCO,USF MARIANO GONZAGA I,RUA PLACIDO DE CASTRO,16,CONJ LAELIA ALCANTAR,"RUA PLACIDO DE CASTRO, CONJ LAELIA ALCANTAR, RIO BRANCO, AC, BRASIL",-9.98421,-67.88331,"Rua Plácido de Castro, 69918-070, Rio Branco","9 59m 3.156s S, 67 52m 59.916s W",69918-070,2003287
AC,RIO BRANCO,URAP FRANCISCO BACURAL VIEIRA NUNES,RUA AMERICA MATEUS,S/N,VILA ALBERT SAMPAIO,"RUA AMERICA MATEUS, VILA ALBERT SAMPAIO, RIO BRANCO, AC, BRASIL",-10.01801,-67.6993,"Rua América Mateus, 69908, 69925, Rio Branco","10 1m 4.836s S, 67 41m 57.48s W",69908,0
AC,RIO BRANCO,URAP FRANCISCO RONEY RODRIGUES MEIRELES,RUA MARA,132,ADALBERTO SENA,"RUA MARA, ADALBERTO SENA, RIO BRANCO, AC, BRASIL",-10.0005,-67.8333,"Rua Adalberto Sena, Rio Branco","10 0m 1.8s S, 67 49m 59.88s W",,2000490
AC,RIO BRANCO,COMPLEXO PENITENCIARIO DE RIO BRANCO,ESTRADA DO BARRO VERMELHO,3,DISTRITO INDUSTRIAL,"ESTRADA DO BARRO VERMELHO, DISTRITO INDUSTRIAL, RIO BRANCO, AC, BRASIL",-9.99923,-67.82276,"Rua do Barro, 69911-816, Rio Branco","9 59m 57.228s S, 67 49m 21.936s W",69911-816,2000466
AC,RIO BRANCO,URAP SAO FRANCISCO,RUA JOAQUIM MACEDO,26,SAO FRANCISCO,"RUA JOAQUIM MACEDO, SAO FRANCISCO, RIO BRANCO, AC, BRASIL",-9.9536,-67.79796,"Rua Joaquim M. Macedo & Estrada São Francisco, 69901, Rio Branco","9 57m 12.96s S, 67 47m 52.656s W",69901,2000415
AC,RIO BRANCO,USF BELO JARDIM III LIBERDADE CATUABA VISTA ALEGRE RURAL,BR 364 RAMAL BELO JARDIM,S/N,ZONA RURAL,"BR 364 RAMAL BELO JARDIM, ZONA RURAL, RIO BRANCO, AC, BRASIL",-9.94735,-67.8492,"Rua Belo Jardim, 69906, Rio Branco","9 56m 50.46s S, 67 50m 57.12s W",69906,2003279
AC,RIO BRANCO,USF AEROPORTO VELHO,BECO DA LUCINDA,S/N,AEROPORTO VELHO,"BECO DA LUCINDA, AEROPORTO VELHO, RIO BRANCO, AC, BRASIL",-9.9483,-67.88399,"Beco da Associação, 69906, Rio Branco","9 56m 53.88s S, 67 53m 2.364s W",69906,9908382
AC,RIO BRANCO,USF ANTENOR RAMOS I,AV AMADEO BARBOSA TRAV ANTONIETA,1,06 DE AGOSTO,"AV AMADEO BARBOSA TRAV ANTONIETA, 06 DE AGOSTO, RIO BRANCO, AC, BRASIL",-9.97604,-67.79786999999999,"Rua Seis de Agosto & Avenida Amadeo Barbosa, 69905, Rio Branco","9 58m 33.744s S, 67 47m 52.332s W",69905,2003228
AC,RIO BRANCO,USF DR RAIMUNDO MOREIRA,RUA JACO,176,FLORESTA SUL,"RUA JACO, FLORESTA SUL, RIO BRANCO, AC, BRASIL",-9.97938,-67.83934,"Rua Cruzeiro do Sul, Rio Branco","9 58m 45.768s S, 67 50m 21.624s W",,3331776
AC,RIO BRANCO,USF MARIA VERONICA I,RUA RIO GRANDE DO SUL,1444,PREVENTORIO,"RUA RIO GRANDE DO SUL, PREVENTORIO, RIO BRANCO, AC, BRASIL",-9.977123,-67.8233872,"Rua Rio Grande do Sul, Vila Preventório, Centro, Rio Branco, Região Geográfica Imediata de Rio Branco, Região Geográfica Intermediária de Rio Branco, Acre, Região Norte, 69911-304, Brasil","9 58m 37.6428s S, 67 49m 24.1939s W",69911-304,3331792
AC,RIO BRANCO,USF BELO JARDIM I,RUA PRINCESINHA,391,BELO JARDIM I,"RUA PRINCESINHA, BELO JARDIM I, RIO BRANCO, AC, BRASIL",-9.94735,-67.8492,"Rua Belo Jardim, 69906, Rio Branco","9 56m 50.46s S, 67 50m 57.12s W",69906,2001845
AC,RIO BRANCO,O MUNDO AZUL,RUA EDMUNDO PINTO,S/N,TANGARA,"RUA EDMUNDO PINTO, TANGARA, RIO BRANCO, AC, BRASIL",-9.94903,-67.84784,"Rua Edmundo Pinto, Rio Branco","9 56m 56.508s S, 67 50m 52.224s W",,0
AC,RIO BRANCO,USF ANA ROSA ZONA RURAL,RAMAL DO GURGEL,S/N,AMAPA,"RAMAL DO GURGEL, AMAPA, RIO BRANCO, AC, BRASIL",-10.04395,-67.83845,"Caminho do Gurgel, 69906, Rio Branco","10 2m 38.22s S, 67 50m 18.42s W",69906,3331911
AC,RODRIGUES ALVES,UNIDADE BASICA NOEMI DO CARMO MATOS,COMUNIDADE FOZ DO PARANA,S/N,ZONA RURAL,"COMUNIDADE FOZ DO PARANA, ZONA RURAL, RODRIGUES ALVES, AC, BRASIL",-25.51174,-54.55552,"Rua Francisco Rodrigues Alves, 85863-440, Foz do Iguacu","25 30m 42.264s S, 54 33m 19.872s W",85863-440,9402713
AC,RODRIGUES ALVES,UNIDADE BASICA JOSINA DE OLIVEIRA MOURA,COMUNIDADE NOVA CINTRA,S/N,ZONA RURAL,"COMUNIDADE NOVA CINTRA, ZONA RURAL, RODRIGUES ALVES, AC, BRASIL",-7.73037,-72.65151,Nova Cintra,"7 43m 49.332s S, 72 39m 5.436s W",,7448627
AC,RODRIGUES ALVES,UNIDADE BASICA PADRE TEODORO ARNDS,AV GETULIO VARGAS,S/N,CENTRO,"AV GETULIO VARGAS, CENTRO, RODRIGUES ALVES, AC, BRASIL",-7.63275,-72.66575,"Avenida Rodrigues Alves & Avenida Getúlio Vargas, 69980, Cruzeiro do Sul","7 37m 57.9s S, 72 39m 56.7s W",69980,2000016
AC,RODRIGUES ALVES,UNIDADE MISTA DE SAUDE DO MUNICIPIO DE RODRIGUES ALVES,AVENIDA SAO JOSE,914,CENTRO,"AVENIDA SAO JOSE, CENTRO, RODRIGUES ALVES, AC, BRASIL",-22.81259,-45.19441,"Acesso à Rua José Bonifácio & Rua Comendador Rodrigues Alves, 12500, Guaratinguetá","22 48m 45.324s S, 45 11m 39.876s W",12500,0
AC,RODRIGUES ALVES,UNIDADE BASICA EUTALIA PAULA OLIVEIRA,AVENIDA ULISSES GUIMARAES,S/N,SAO FRANCISCO,"AVENIDA ULISSES GUIMARAES, SAO FRANCISCO, RODRIGUES ALVES, AC, BRASIL",-7.737260000000001,-72.65668000000002,"Avenida Ulisses Guimarães, 69985-000, Rodrigues Alves","7 44m 14.136s S, 72 39m 24.048s W",69985-000,7240155
AC,SANTA ROSA DO PURUS,PSF MOVEL DE SANTA ROSA DO PURUS,RUA CORONEL JOSE FERREIRA,S/N,CENTRO,"RUA CORONEL JOSE FERREIRA, CENTRO, SANTA ROSA DO PURUS, AC, BRASIL",-9.43301,-70.49356,Santa Rosa do Purus,"9 25m 58.836s S, 70 29m 36.816s W",,0
AC,SANTA ROSA DO PURUS,UNIDADE MISTA DE SANTA ROSA,RUA 28 DE ABRIL,S/N,CIDADE NOVA,"RUA 28 DE ABRIL, CIDADE NOVA, SANTA ROSA DO PURUS, AC, BRASIL",-24.46996,-53.95013,"Rua Vinte e Nove de Abril, 28, 85930-000, Nova Santa Rosa","24 28m 11.856s S, 53 57m 0.468s W",85930-000,0
AC,SANTA ROSA DO PURUS,CENTRO DE SAUDE PAULO ALCIONE MARQUES,RUA CORONEL JOSE FERREIRA,S/N,CENTRO,"RUA CORONEL JOSE FERREIRA, CENTRO, SANTA ROSA DO PURUS, AC, BRASIL",-9.43301,-70.49356,Santa Rosa do Purus,"9 25m 58.836s S, 70 29m 36.816s W",,2001772
AC,SENADOR GUIOMARD,UNIDADE DE SAUDE PRISIONAL QUINARI,BR 317 KM 11,S/N,ZONA RURAL,"BR 317 KM 11, ZONA RURAL, SENADOR GUIOMARD, AC, BRASIL",-10.26192,-67.70548000000001,"BR-317, 69925, 69931, Senador Guiomard","10 15m 42.912s S, 67 42m 19.728s W",69925,843229
AC,SENADOR GUIOMARD,POSTO DE SAUDE GLEBA F1 SANTA LUZIA,BR 364 KM 67,S/N,ZONA RURAL,"BR 364 KM 67, ZONA RURAL, SENADOR GUIOMARD, AC, BRASIL",-10.06029,-67.31971999999999,"BR-364, 69925, 69945, Senador Guiomard","10 3m 37.044s S, 67 19m 10.992s W",69925,0
AC,SENADOR GUIOMARD,POSTO DE SAUDE QUINAUA,BR 364 KM 22,S/N,ZONA RURAL,"BR 364 KM 22, ZONA RURAL, SENADOR GUIOMARD, AC, BRASIL",-10.06029,-67.31971999999999,"BR-364, 69925, 69945, Senador Guiomard","10 3m 37.044s S, 67 19m 10.992s W",69925,0
AC,SENADOR GUIOMARD,POSTO DE SAUDE RAMAL MULUNGU,RODOVIA AC KM 30,S/N,ZONA RURAL,"RODOVIA AC KM 30, ZONA RURAL, SENADOR GUIOMARD, AC, BRASIL",-10.16711,-67.72241,"Rodovia Acesso 040, 69925-000, Senador Guiomard","10 10m 1.596s S, 67 43m 20.676s W",69925-000,0
AC,SENADOR GUIOMARD,UNIDADE S DA F FRANCISCO TAVEIRA,RUA JOSE DE BARROS,S/N,18 DE SETEMBRO,"RUA JOSE DE BARROS, 18 DE SETEMBRO, SENADOR GUIOMARD, AC, BRASIL",-10.14906,-67.73129,"Travessa 7 de Setembro & Rua José de Barros, 69925, Senador Guiomard","10 8m 56.616s S, 67 43m 52.644s W",69925,2000679
AC,SENADOR GUIOMARD,CENTRO DE SAUDE MARIA DO SOCORRO CAVALCANTE,PEDRO ALEIXO,S/N,CENTRO,"PEDRO ALEIXO, CENTRO, SENADOR GUIOMARD, AC, BRASIL",-10.14791,-67.73953,"Rua Pedro Aleixo, 69925-000, Senador Guiomard","10 8m 52.476s S, 67 44m 22.308s W",69925-000,2000660
AC,SENADOR GUIOMARD,UNIDADE BASICA DE SAUDE MANUEL LIMA DO NASCIMENTO,RODOVIA BR 317 RAMAL DA BONAL KM 04 PROJ SUSTENT,S/N,ZONA RURAL,"RODOVIA BR 317 RAMAL DA BONAL KM 04 PROJ SUSTENT, ZONA RURAL, SENADOR GUIOMARD, AC, BRASIL",-10.16443,-67.72439,"Ramal da Limeira & BR-317, 69925, Senador Guiomard","10 9m 51.948s S, 67 43m 27.804s W",69925,9294430
AC,SENADOR GUIOMARD,UNIDADE SAUDE DA FAMILIA MARIA RAIMUNDA MENDONCA,BR 364 KM 32 RAMAL NOVA ALDEIA KM 1,S/N,ZONA RURAL,"BR 364 KM 32 RAMAL NOVA ALDEIA KM 1, ZONA RURAL, SENADOR GUIOMARD, AC, BRASIL",-22.85099,-43.60023,"Rua F Ac Etr Tingui, 1, 26298, Nova Iguaçu","22 51m 3.564s S, 43 36m 0.828s W",26298,9618902
AC,SENADOR GUIOMARD,UNIDADE BASICA DE SAUDE PEDRO RABELO DE LIMA,RODOVIA BR 364 GLEBA R LOTE 01 RAMAL N JUNIOR,S/N,ZONA RURAL,"RODOVIA BR 364 GLEBA R LOTE 01 RAMAL N JUNIOR, ZONA RURAL, SENADOR GUIOMARD, AC, BRASIL",-10.15219,-67.72971,"Rua Nair Alves, 69925-000, Senador Guiomard","10 9m 7.884s S, 67 43m 46.956s W",69925-000,9294449
AC,SENADOR GUIOMARD,UNIDADE BASICA DE SAUDE FRANCISCO LUIS DE FRANCA,RODOVIA BR 317 LOTE1 RAMAL DO PELE GLEBA S ARAUJO,S/N,ZONA RURAL,"RODOVIA BR 317 LOTE1 RAMAL DO PELE GLEBA S ARAUJO, ZONA RURAL, SENADOR GUIOMARD, AC, BRASIL",-10.1519,-67.7312,"Rua Rio Grande do Sul, 69925-000, Senador Guiomard","10 9m 6.84s S, 67 43m 52.32s W",69925-000,9296042
AC,SENADOR GUIOMARD,UNIDADE DE SAUDE DA FAMILIA MIGUEL SEVERINO DE OLIVEIRA,GERSON PEREIRA,3916,DEMOCRACIA,"GERSON PEREIRA, DEMOCRACIA, SENADOR GUIOMARD, AC, BRASIL",-10.16694,-67.7194,"Rua Gerson Pereira, 69925-000, Senador Guiomard","10 10m 0.984s S, 67 43m 9.84s W",69925-000,6607861
AC,SENADOR GUIOMARD,POSTO DE SAUDE NABOR JUNIOR,PROJETO COLONIA PEIXOTO KM 80,S/N,ZONA RURAL,"PROJETO COLONIA PEIXOTO KM 80, ZONA RURAL, SENADOR GUIOMARD, AC, BRASIL",-10.15871,-67.74068,"Estrada Rural, Senador Guiomard - AC, Brasil","10 9m 31.356s S, 67 44m 26.448s W",,0
AC,SENADOR GUIOMARD,CENTRO DE SAUDE ILSON ALVES RIBEIRO,RUA JAMIL BESTENE,S/N,NAIRE LEITE,"RUA JAMIL BESTENE, NAIRE LEITE, SENADOR GUIOMARD, AC, BRASIL",-10.14278,-67.73275,"Rua Jamil Bestene, 69925-000, Senador Guiomard","10 8m 34.008s S, 67 43m 57.9s W",69925-000,5250587
AC,SENA MADUREIRA,UNIDADE DE SAUDE DA FAMILIA FLORIANO FLORENTINO M DA SILVA,RUA JOSE FELIX,49,BOM SUCESSO,"RUA JOSE FELIX, BOM SUCESSO, SENA MADUREIRA, AC, BRASIL",-9.05525,-68.66611999999999,"Rua José Félix & Estrada Bom Sucesso, 69940, Sena Madureira","9 3m 18.9s S, 68 39m 58.032s W",69940,0
AC,SENA MADUREIRA,UNIDADE BASICA DE SAUDE MARIA DAS DORES DE PAULA,RUA ANTONIO CARLOS PEREIRA,S/N,CSU,"RUA ANTONIO CARLOS PEREIRA, CSU, SENA MADUREIRA, AC, BRASIL",-9.07066,-68.66150999999999,"Rua Antônio Carlos Pereira, 69940-000, Sena Madureira","9 4m 14.376s S, 68 39m 41.436s W",69940-000,3541592
AC,SENA MADUREIRA,UNIDADE BASICA DE SAUDE FLORLIRIO PEREIRA LUSTOSA,AV ORLEIR CAMELI,S/N,ANA VIEIRA,"AV ORLEIR CAMELI, ANA VIEIRA, SENA MADUREIRA, AC, BRASIL",-9.06538,-68.6762,"Rua Gov Orleir Cameli, 69940-000, Sena Madureira","9 3m 55.368s S, 68 40m 34.32s W",69940-000,2000903
AC,SENA MADUREIRA,UNIDADE BASICA DE SAUDE RICIOTI TAMBURINI,TRAVESSA JURANDI NUNES,S/N,NITEROI,"TRAVESSA JURANDI NUNES, NITEROI, SENA MADUREIRA, AC, BRASIL",-9.06516,-68.65241,"Travessa Jurandi Nunes, 69940-000, Sena Madureira","9 3m 54.576s S, 68 39m 8.676s W",69940-000,2000938
AC,SENA MADUREIRA,UBS ALDA SIQUEIRA,COMUNIDADE CAZUMBA RIO CAETE,S/N,ZONA RURAL,"COMUNIDADE CAZUMBA RIO CAETE, ZONA RURAL, SENA MADUREIRA, AC, BRASIL",-9.93518,-67.79515,"Acesso Sena Madureira, 69906, Rio Branco","9 56m 6.648s S, 67 47m 42.54s W",69906,0
AC,SENA MADUREIRA,ESF MODULO I,AVENIDA AVELINO CHAVES,S/N,CENTRO,"AVENIDA AVELINO CHAVES, CENTRO, SENA MADUREIRA, AC, BRASIL",-9.06653,-68.6563,"Avenida Avelino Chaves, 69940-000, Sena Madureira","9 3m 59.508s S, 68 39m 22.68s W",69940-000,0
AC,SENA MADUREIRA,UBS RECIFE,SERINGAL RECIFE RIO IACO,S/N,ZONA RURAL,"SERINGAL RECIFE RIO IACO, ZONA RURAL, SENA MADUREIRA, AC, BRASIL",-9.08483,-68.64147,"Rodovia BR-364, 69940-000, Sena Madureira","9 5m 5.388s S, 68 38m 29.292s W",69940-000,0
AC,SENA MADUREIRA,UBS COSMO GEBER,PROJETO FAVO DE MEL BR 364 RAMAL 23,S/N,ZONA RURAL,"PROJETO FAVO DE MEL BR 364 RAMAL 23, ZONA RURAL, SENA MADUREIRA, AC, BRASIL",-22.28474,-51.91007000000001,"Via de Acesso à Zona Rural, 23, 19260-000, Mirante do Paranapanema","22 17m 5.064s S, 51 54m 36.252s W",19260-000,0
AC,SENA MADUREIRA,ESF MODULO II,AVENIDA AVELINO CHAVES,S/N,CENTRO,"AVENIDA AVELINO CHAVES, CENTRO, SENA MADUREIRA, AC, BRASIL",-9.06653,-68.6563,"Avenida Avelino Chaves, 69940-000, Sena Madureira","9 3m 59.508s S, 68 39m 22.68s W",69940-000,0
AC,SENA MADUREIRA,UNIDADE BASICA DE SAUDE AGUINALDO NUNES DE OLIVEIRA,RUA ANTONIO NICACIO TEIXEIRA,S/N,PISTA,"RUA ANTONIO NICACIO TEIXEIRA, PISTA, SENA MADUREIRA, AC, BRASIL",-9.06786,-68.6536,"Rua Antônio Nicácio Teixeira, 69940-000, Sena Madureira","9 4m 4.296s S, 68 39m 12.96s W",69940-000,3007367
AC,SENA MADUREIRA,UNIDADE BASICA DE SAUDE CARLOS AFONSO VIEIRA,RUA MOSENHOR TAVORA,S/N,CENTRO,"RUA MOSENHOR TAVORA, CENTRO, SENA MADUREIRA, AC, BRASIL",-9.06638,-68.65985,"Rua Monsenhor Távora, 69940-000, Sena Madureira","9 3m 58.968s S, 68 39m 35.46s W",69940-000,0
AC,SENA MADUREIRA,UNIDADE BASICA DE SAUDE LAURO FONTES DA SILVA,RUA MARANHAO,30,CIDADE NOVA,"RUA MARANHAO, CIDADE NOVA, SENA MADUREIRA, AC, BRASIL",-9.06926,-68.66209,"Rua Maranhão, 69940-000, Sena Madureira","9 4m 9.336s S, 68 39m 43.524s W",69940-000,2002566
AC,SENA MADUREIRA,TENENTE ITAMAR PASCOAL,BR 364 KM 01,S/N,TRIANGULO,"BR 364 KM 01, TRIANGULO, SENA MADUREIRA, AC, BRASIL",-7.73584,-72.65547,"Rua Sena Madureira, 364, 69985-000, Rodrigues Alves","7 44m 9.024s S, 72 39m 19.692s W",69985-000,0
AC,SENA MADUREIRA,MANOEL FERNANDES VIEIRA,RUA CANARIO,S/N,EUGENIO AUGUSTO AREA,"RUA CANARIO, EUGENIO AUGUSTO AREA, SENA MADUREIRA, AC, BRASIL",-9.0604,-68.65875,"Rua Augusto Vasconcelos, 69940-000, Sena Madureira","9 3m 37.44s S, 68 39m 31.5s W",69940-000,0
AC,SENA MADUREIRA,UBS JOVILIO ALVES,RIO CAETE COMUNIDADE BOCA DO CAETE,S/N,ZONA RURAL,"RIO CAETE COMUNIDADE BOCA DO CAETE, ZONA RURAL, SENA MADUREIRA, AC, BRASIL",-9.93457,-67.79543000000001,"Acesso Cruzeiro do Sul & Acesso Sena Madureira, 69906, Rio Branco","9 56m 4.452s S, 67 47m 43.548s W",69906,0
AC,SENA MADUREIRA,UNIDADE BASICA DE SAUDE EDSON SALES,RUA WALTER WILTON MAIA,596,CRISTO LIBERTADOR,"RUA WALTER WILTON MAIA, CRISTO LIBERTADOR, SENA MADUREIRA, AC, BRASIL",-9.07879,-68.66563000000001,"Rua Walter Wilton Maia, 69940-000, Sena Madureira","9 4m 43.644s S, 68 39m 56.268s W",69940-000,2000873
AC,SENA MADUREIRA,UNIDADE BASICA DE SAUDE CARLOS AFONSO VIEIRA MODULO II,RUA CUNHA VASCONCELOS,S/N,CENTRO,"RUA CUNHA VASCONCELOS, CENTRO, SENA MADUREIRA, AC, BRASIL",-9.06311,-68.65845999999999,"Rua Cunha Vasconcelos, 69940-000, Sena Madureira","9 3m 47.196s S, 68 39m 30.456s W",69940-000,9393757
AC,TARAUACA,POSTO DE SAUDE TAUARI,BR 364 SENTIDO TARAUACA CRUZEIRO SO SUL,S/N,BR 364,"BR 364 SENTIDO TARAUACA CRUZEIRO SO SUL, BR 364, TARAUACA, AC, BRASIL",-8.14835,-70.75806999999998,"Rodovia BR-364, 364, 69970-000, Tarauacá","8 8m 54.06s S, 70 45m 29.052s W",69970-000,9896392
AC,TARAUACA,POSTO DE SAUDE SAO JOAO,BR 364 SENTIDO TARAUACA CRUZEIRO DO SUL,S/N,BR 364,"BR 364 SENTIDO TARAUACA CRUZEIRO DO SUL, BR 364, TARAUACA, AC, BRASIL",-7.759710000000001,-72.32204,"BR-364, 69970, 69980, Cruzeiro do Sul","7 45m 34.956s S, 72 19m 19.344s W",69970,2549530
AC,TARAUACA,POSTO DE SAUDE GREGORIO,BR 364 KM 102,S/N,GREGORIO,"BR 364 KM 102, GREGORIO, TARAUACA, AC, BRASIL",-8.14835,-70.75806999999998,"Rodovia BR-364, 364, 69970-000, Tarauacá","8 8m 54.06s S, 70 45m 29.052s W",69970-000,0
AC,TARAUACA,USF PADRE HUBERT GROSSHEIM,RUA BENJAMIM CONSTANT,S/N,CENTRO,"RUA BENJAMIM CONSTANT, CENTRO, TARAUACA, AC, BRASIL",-8.1621,-70.76653,"Rua Benjamin Constant, 69970-000, Tarauacá","8 9m 43.56s S, 70 45m 59.508s W",69970-000,5174678
AC,TARAUACA,UNIDADE DE S DA FAMILIA MARIA DA LUZ,RUA ANTONIO PINTO,245,SENADOR POMPEU,"RUA ANTONIO PINTO, SENADOR POMPEU, TARAUACA, AC, BRASIL",-8.1657458,-70.76763559999998,"Rua Antônio Pinto, Bairro Senador Pompeu, Tarauacá, Região Geográfica Imediata de Tarauacá, Região Geográfica Intermediária de Cruzeiro do Sul, Acre, Região Norte, 69970-000, Brasil","8 9m 56.6849s S, 70 46m 3.48816s W",69970-000,2000164
AC,TARAUACA,UNIDADE BASICA DE SAUDE JOAO WANDERLEI,RUA JUSTINIANO SERPA,91,CENTRO,"RUA JUSTINIANO SERPA, CENTRO, TARAUACA, AC, BRASIL",-8.15782,-70.76135,"Rua Justiniano de Serpa, 69970-000, Tarauacá","8 9m 28.152s S, 70 45m 40.86s W",69970-000,2000156
AC,TARAUACA,POSTO DE SAUDE PORTO MARQUES,AV TANCREDO NEVES,S/N,CENTRO,"AV TANCREDO NEVES, CENTRO, TARAUACA, AC, BRASIL",-8.15828,-70.77103000000002,"Avenida Tancredo Neves, 69970-000, Tarauacá","8 9m 29.808s S, 70 46m 15.708s W",69970-000,0
AC,TARAUACA,UNIDADE DE S DA FAMILIA DR JOSE LEONCIO GOMES RODRIGUES,AV AVELINO LEAL,S/N,COPACABANA,"AV AVELINO LEAL, COPACABANA, TARAUACA, AC, BRASIL",-8.1509796,-70.7815433,"Avenida Avelino Leal, Copacabana, Tarauacá, Região Geográfica Imediata de Tarauacá, Região Geográfica Intermediária de Cruzeiro do Sul, Acre, Região Norte, 69970-000, Brasil","8 9m 3.52656s S, 70 46m 53.5559s W",69970-000,3810771
AC,TARAUACA,UNIDADE DE SAUDE DA FAMILIA MARILIA VIEIRA LIMA DE SOUZA,RUA CEL PINHEIRO CAVALCANTE,1805,CORCOVADO,"RUA CEL PINHEIRO CAVALCANTE, CORCOVADO, TARAUACA, AC, BRASIL",-8.1529,-70.73182,"Rua Cel Cavalcanti, 69970-000, Tarauacá","8 9m 10.44s S, 70 43m 54.552s W",69970-000,2000113
AC,TARAUACA,UNIDADE DE SAUDE DA FAMILIA 24 DE ABRIL,RUA EPITACIO PESSOA,S/N,IPEPACONHA,"RUA EPITACIO PESSOA, IPEPACONHA, TARAUACA, AC, BRASIL",-9.96269,-67.82133,"Rua Epitácio Pessoa, 69918-300, Rio Branco","9 57m 45.684s S, 67 49m 16.788s W",69918-300,3901009
AC,TARAUACA,UNIDADE DE SAUDE DA FAMILIA MARIA ESPANHOL DA SILVA,RUA CAPITAO HIPOLITO,S/N,TRIANGULO,"RUA CAPITAO HIPOLITO, TRIANGULO, TARAUACA, AC, BRASIL",-8.1503962,-70.7577668,"Rua Capitao Hipolito, Bairro Triangulo, Tarauacá, Região Geográfica Imediata de Tarauacá, Região Geográfica Intermediária de Cruzeiro do Sul, Acre, Região Norte, 69970-000, Brasil","8 9m 1.42632s S, 70 45m 27.9605s W",69970-000,3462366
AC,TARAUACA,UNIDADE MOVEL DE SAUDE FLUVIAL DEZINHO,RIOS TARAUACA E MURU,S/N,TARAUACA,"RIOS TARAUACA E MURU, TARAUACA, TARAUACA, AC, BRASIL",-8.1573,-70.76348,"Rua Elpidio de Andrade, 69970-000, Tarauacá","8 9m 26.28s S, 70 45m 48.528s W",69970-000,0
AC,TARAUACA,USF MARIA FRANCISCA DA COSTA CABRAL,RUA FLORIANO PEIXOTO,243,CENTRO,"RUA FLORIANO PEIXOTO, CENTRO, TARAUACA, AC, BRASIL",-8.16089,-70.76782,"Rua Floriano Peixoto, 69970-000, Tarauacá","8 9m 39.204s S, 70 46m 4.152s W",69970-000,3900975
AC,XAPURI,UNIDADE DE SAUDE DA FAMILIA DR FELIX BESTENE NETO,RUA CORONEL BRANDAO,393,CENTRO,"RUA CORONEL BRANDAO, CENTRO, XAPURI, AC, BRASIL",-10.6612,-68.49343,"Rua Coronel Brandão, 69930-000, Xapuri","10 39m 40.32s S, 68 29m 36.348s W",69930-000,2000407
AC,XAPURI,UNIDADE SAUDE DA FAMILIA JOSE FADUL,RUA PETRONIO RODRIGUES,S/N,JIQUIA,"RUA PETRONIO RODRIGUES, JIQUIA, XAPURI, AC, BRASIL",-10.65733,-68.50298000000001,"Rua Petrônio Rodrigues, 69930-000, Xapuri","10 39m 26.388s S, 68 30m 10.728s W",69930-000,2001217
AC,XAPURI,UNIDADE DE SAUDE DA FAMILIA MAURO JOSE LIMA DE SOUZA,RUA PLACIDO DE CASTRO,S/N,BRAGA SOBRINHO,"RUA PLACIDO DE CASTRO, BRAGA SOBRINHO, XAPURI, AC, BRASIL",-10.6598,-68.5045,"Rua Plácido de Castro, 69930-000, Xapuri","10 39m 35.28s S, 68 30m 16.2s W",69930-000,2001233
AC,XAPURI,UNIDADE DE SAUDE DA FAMILIA JOSE RAIMUNDO DE MELO,RUA MARIA ROSA C DE DEUS,24,AEROPORTO,"RUA MARIA ROSA C DE DEUS, AEROPORTO, XAPURI, AC, BRASIL",-10.66351,-68.4895,"Rua Maria Custódio R de Deus, 69930-000, Xapuri","10 39m 48.636s S, 68 29m 22.2s W",69930-000,2001934
AC,XAPURI,UNIDADE DE SAUDE DA FAMILIA JOSE FRANCISCO SILVA,RUA DA CERAMICA,S/N,SIBERIA,"RUA DA CERAMICA, SIBERIA, XAPURI, AC, BRASIL",-10.66219,-68.49435,"Rua da Cerâmica, 69930-000, Xapuri","10 39m 43.884s S, 68 29m 39.66s W",69930-000,2001225
