UF,MUNICIPIO,ESTABELECIMENTO,LOGRADOURO,NUMERO,BAIRRO,ENDERECO_COMPLETO,latitude,longitude,address,point
TO,ABREULANDIA,UNIDADE BASICA DE SAUDE JOAO BATISTA DE FRANCA,AVENIDA JOAO FRANCISCO DE ABREU,S/N,CENTRO,"AVENIDA JOAO FRANCISCO DE ABREU, CENTRO, ABREULANDIA, TO, BRASIL",,,,
TO,AGUIARNOPOLIS,CENTRO DE SAUDE AGUIARNOPOLIS,RUA MARANHAO,8,CENTRO,"RUA MARANHAO, CENTRO, AGUIARNOPOLIS, TO, BRASIL",,,,
TO,AGUIARNOPOLIS,UNIDADE BASICA DE SAUDE MARIA JOSE CRUZ BARBOSA 1,RUA MANOEL BANDEIRA,S/N,LOTEAMENTO SAO JOAO,"RUA MANOEL BANDEIRA, LOTEAMENTO SAO JOAO, AGUIARNOPOLIS, TO, BRASIL",,,,
TO,ALIANCA DO TOCANTINS,UNIDADE DE SAUDE DA FAMILIA II ALIANCA,RUA 106,S/N,JARDIM ALIANCA,"RUA 106, JARDIM ALIANCA, ALIANCA DO TOCANTINS, TO, BRASIL",,,,
TO,ALIANCA DO TOCANTINS,UNIDADE DE SAUDE DA FAMILIA I ALIANCA,AVENIDA BARNADO SAYAO ESQ RUA JOSE BISPO SANTOS,S/N,CENTRO,"AVENIDA BARNADO SAYAO ESQ RUA JOSE BISPO SANTOS, CENTRO, ALIANCA DO TOCANTINS, TO, BRASIL",,,,
TO,ALMAS,UNIDADE DE SAUDE DA FAMILIA SAO MIGUEL,AV SAO JOAO,S/N,SETOR CENTRO,"AV SAO JOAO, SETOR CENTRO, ALMAS, TO, BRASIL",,,,
TO,ALVORADA,CENTRO DE SAUDE UNIDADE BASICA DE ALVORADA,RUA 07 DE SETEMBRO,S/N,CENTRO,"RUA 07 DE SETEMBRO, CENTRO, ALVORADA, TO, BRASIL",-18.4130724,-49.2126536,"Rua 07 de Setembro, Alvorada, Itumbiara, Região Geográfica Imediata de Itumbiara, Região Geográfica Intermediária de Itumbiara, Goiás, Região Centro-Oeste, 75523-425, Brasil","18 24m 47.0606s S, 49 12m 45.553s W"
TO,ALVORADA,CENTRO DE SAUDE UNIDADE BASICA RAIMUNDO ROSA,AVENIDA BERNARDO SAYAO,S/N,CENTRO,"AVENIDA BERNARDO SAYAO, CENTRO, ALVORADA, TO, BRASIL",,,,
TO,ALVORADA,CENTRO DE SAUDE UNIDADE BASICA DE SAUDE NATANY BOTELHO,AVENIDA LEOMAR DE SOUSA BARROS,S/N,LAGOA AZUL,"AVENIDA LEOMAR DE SOUSA BARROS, LAGOA AZUL, ALVORADA, TO, BRASIL",,,,
TO,ALVORADA,UNIDADE DE SAUDE DA FAMILIA DR RONALDO ADVENTINO,AV VIRGINIA TORRES DE OLIVEIRA,S/N,SETOR OESTE,"AV VIRGINIA TORRES DE OLIVEIRA, SETOR OESTE, ALVORADA, TO, BRASIL",,,,
TO,ANANAS,UNIDADE DE SAUDE DA FAMILIA DE SAO JOAO ANANAS,POVOADO SAO JOAO,S/N,ZONA RURAL,"POVOADO SAO JOAO, ZONA RURAL, ANANAS, TO, BRASIL",,,,
TO,ANANAS,POSTO DE SAUDE MANOEL MORICO ANANAS,RUA MACHADO DE ASSIS,98,CHAPADINHA II,"RUA MACHADO DE ASSIS, CHAPADINHA II, ANANAS, TO, BRASIL",,,,
TO,ANANAS,UNIDADE DE SAUDE DA FAMILIA ANANAS,AVENIDA BRASIL,89,CENTRO,"AVENIDA BRASIL, CENTRO, ANANAS, TO, BRASIL",,,,
TO,ANGICO,UNIDADE B DE SAUDE DE ANGICO PADRE ANACLETO RODRIGUES LIMA,RUA NOVA,S/N,CENTRO,"RUA NOVA, CENTRO, ANGICO, TO, BRASIL",,,,
TO,ANGICO,UB DE SAUDE DISTRITO TAMBORIL JOSE DE OLIVEIRA,POVOADO TAMBORIL,S/N,ZONA RURAL,"POVOADO TAMBORIL, ZONA RURAL, ANGICO, TO, BRASIL",,,,
TO,APARECIDA DO RIO NEGRO,UNIDADE BASICA DE SAUDE APARECIDA DO RIO NEGRO EQUIPE II,AVENIDA DUQUE DE CAXIAS,S/N,SETOR AEROPORTO,"AVENIDA DUQUE DE CAXIAS, SETOR AEROPORTO, APARECIDA DO RIO NEGRO, TO, BRASIL",,,,
TO,APARECIDA DO RIO NEGRO,UNIDADE DE SAUDE DA FAMILIA APARECIDA DO RIO NEGRO,RUA SANCHA LIMA TAVARES,S/N,CENTRO,"RUA SANCHA LIMA TAVARES, CENTRO, APARECIDA DO RIO NEGRO, TO, BRASIL",,,,
TO,ARAGOMINAS,UNIDADE BASICA DE SAUDE LAURINDA ALVES DA SILVA,PA BAVIERA,S/N,ZONA RURAL,"PA BAVIERA, ZONA RURAL, ARAGOMINAS, TO, BRASIL",,,,
TO,ARAGOMINAS,CENTRO DE SAUDE JOSE LUCIO ARAGOMINAS,RUA ARY VALADAO,S/N,CENTRO,"RUA ARY VALADAO, CENTRO, ARAGOMINAS, TO, BRASIL",,,,
TO,ARAGOMINAS,UNIDADE BASICA DE SAUDE TEREZINHA VIEIRA DA SILVA,PA REUNIDAS,S/N,RURAL,"PA REUNIDAS, RURAL, ARAGOMINAS, TO, BRASIL",,,,
TO,ARAGUACEMA,UNIDADE DE SAUDE DA FAMILIA ARAGUACEMA,RUA RUI BARBOSA,861,CENTRO,"RUA RUI BARBOSA, CENTRO, ARAGUACEMA, TO, BRASIL",,,,
TO,ARAGUACEMA,UNIDADE DE SAUDE DA FAMILIA JARDIM PLANALTO,RUA PIRANHAS,S/N,JARDIM PLANALTO,"RUA PIRANHAS, JARDIM PLANALTO, ARAGUACEMA, TO, BRASIL",,,,
TO,ARAGUACU,UBS PEDRO TAVARES SOBRINHO,RUA ALDENOR LIRA GOMES,S/N,CENTRO,"RUA ALDENOR LIRA GOMES, CENTRO, ARAGUACU, TO, BRASIL",,,,
TO,ARAGUACU,POSTO DE SAUDE DE MARILANDIA,AV PRINCIPAL,S/N,CENTRO,"AV PRINCIPAL, CENTRO, ARAGUACU, TO, BRASIL",,,,
TO,ARAGUACU,UBS JOSE CANDIDO GOMES,RUA SALVADOR CAETANO,S/N,AEROPORTO,"RUA SALVADOR CAETANO, AEROPORTO, ARAGUACU, TO, BRASIL",,,,
TO,ARAGUACU,POSTO DE SAUDE DE BAIANOPOLIS,AV PIRATININGA,S/N,CENTRO,"AV PIRATININGA, CENTRO, ARAGUACU, TO, BRASIL",,,,
TO,ARAGUACU,UBS MARIA CANDIDA,RUA BENEDITO GOMES PEREIRA,S/N,FELIX FERREIRA,"RUA BENEDITO GOMES PEREIRA, FELIX FERREIRA, ARAGUACU, TO, BRASIL",,,,
TO,ARAGUAINA,UBS PALMEIRA DO NORTE,RUA DAS CAMELIAS,1055,RODOVIARIO,"RUA DAS CAMELIAS, RODOVIARIO, ARAGUAINA, TO, BRASIL",,,,
TO,ARAGUAINA,UBS LAGO AZUL,AVENIDA ARAGUAIA,S/N,PARQUE DO LAGO,"AVENIDA ARAGUAIA, PARQUE DO LAGO, ARAGUAINA, TO, BRASIL",,,,
TO,ARAGUAINA,UBS AVANY GALDINO DA SILVA ARAGUAINA,RUA GONCALVES LEDO,S/N,SAO JOAO,"RUA GONCALVES LEDO, SAO JOAO, ARAGUAINA, TO, BRASIL",,,,
TO,ARAGUAINA,UBS ARAGUAINA SUL,RUA DAS PALMEIRAS,S/N,ARAGUAINA SUL,"RUA DAS PALMEIRAS, ARAGUAINA SUL, ARAGUAINA, TO, BRASIL",-7.1900368,-48.1854732,"Rua das Palmeiras, Araguaína Sul, Vila Santa Rita, Araguaína, Região Geográfica Imediata de Araguaína, Região Geográfica Intermediária de Araguaína, Tocantins, Região Norte, 77827-120, Brasil","7 11m 24.1325s S, 48 11m 7.70352s W"
TO,ARAGUAINA,UBS MANOEL DOS REIS LIMA ARAGUAINA,RUA DAS HORTENCIAS,46,JARDIM DAS FLORES,"RUA DAS HORTENCIAS, JARDIM DAS FLORES, ARAGUAINA, TO, BRASIL",,,,
TO,ARAGUAINA,UBS MANOEL MARIA DIAS DE BRITO ARAGUAINA,RUADOS INGAXIXIS,S/N,CIMBA,"RUADOS INGAXIXIS, CIMBA, ARAGUAINA, TO, BRASIL",,,,
TO,ARAGUAINA,UBS JOSE DE SOUSA REZENDE ARAGUAINA,RUA JOAO BATISTA,1584,SETOR ALTO BONITO,"RUA JOAO BATISTA, SETOR ALTO BONITO, ARAGUAINA, TO, BRASIL",,,,
TO,ARAGUAINA,UBS COUTO MAGALHAES ARAGUAINA,RUA PERIMETRAL,S/N,LOTEAMENTO COUTO MAG,"RUA PERIMETRAL, LOTEAMENTO COUTO MAG, ARAGUAINA, TO, BRASIL",,,,
TO,ARAGUAINA,UBS NOVO HORIZONTE ARAGUAINA,RUA ANHANGUERA,210,NOVO HORIZONTE,"RUA ANHANGUERA, NOVO HORIZONTE, ARAGUAINA, TO, BRASIL",,,,
TO,ARAGUAINA,UBS MARIA DOS REIS RODRIGUES,AVENIDA BERNARDO SAYAO,1082,VILA CEARENSE,"AVENIDA BERNARDO SAYAO, VILA CEARENSE, ARAGUAINA, TO, BRASIL",,,,
TO,ARAGUAINA,UBS JOSE RONALDO PEREIRA DA COSTA ARAGUAINA,RUA 09,S/N,LOTEAMENTO SAO FRANC,"RUA 09, LOTEAMENTO SAO FRANC, ARAGUAINA, TO, BRASIL",,,,
TO,ARAGUAINA,UBS PONTE ARAGUAINA,RUA JOAQUIM CABOCLO,S/N,PONTE,"RUA JOAQUIM CABOCLO, PONTE, ARAGUAINA, TO, BRASIL",,,,
TO,ARAGUAINA,UBS JK ARAGUAINA,RUA ARAGUACY,S/N,JK,"RUA ARAGUACY, JK, ARAGUAINA, TO, BRASIL",,,,
TO,ARAGUAINA,UBS ALBENY SOARES DE PAULA ARAGUAINA,AVENIDA C,1035,ST COUTO MAGALHAES,"AVENIDA C, ST COUTO MAGALHAES, ARAGUAINA, TO, BRASIL",,,,
TO,ARAGUAINA,UBS DR FRANCISCO BARBOSA DE BRITO ARAGUAINA,RUA C,S/N,VILA ALIANCA,"RUA C, VILA ALIANCA, ARAGUAINA, TO, BRASIL",,,,
TO,ARAGUAINA,UBS NOVA ARAGUAINA,RUA 19,S/N,NOVA ARAGUAINA,"RUA 19, NOVA ARAGUAINA, ARAGUAINA, TO, BRASIL",,,,
TO,ARAGUAINA,UBS SENADOR BENEDITO V FERREIRA ARAGUAINA,7,401,LOT JOSE FERREIRA,"7, LOT JOSE FERREIRA, ARAGUAINA, TO, BRASIL",,,,
TO,ARAGUAINA,UBS DR RAIMUNDO GOMES MARINHO,RUA FAISAO,S/N,MARACANA,"RUA FAISAO, MARACANA, ARAGUAINA, TO, BRASIL",,,,
TO,ARAGUAINA,UBS DR DANTAS,CE 08,S/N,COSTA ESMERALDA,"CE 08, COSTA ESMERALDA, ARAGUAINA, TO, BRASIL",,,,
TO,ARAGUAINA,UBS BAIRRO DE FATIMA ARAGUAINA,RUA DA IGREJA,S/N,FATIMA,"RUA DA IGREJA, FATIMA, ARAGUAINA, TO, BRASIL",-7.2355131,-48.2510264,"Rua da Igreja, Bairro de Fátima, Araguaína, Região Geográfica Imediata de Araguaína, Região Geográfica Intermediária de Araguaína, Tocantins, Região Norte, 77814-370, Brasil","7 14m 7.84716s S, 48 15m 3.69504s W"
TO,ARAGUANA,UBSF SANTANA DA COSTA MARINHO,AV ARAGUAIA,S/N,CENTRO,"AV ARAGUAIA, CENTRO, ARAGUANA, TO, BRASIL",,,,
TO,ARAGUANA,UBS ARCANJA LOPES DA CUNHA,POVOADO DE ARAGUACI,S/N,CENTRO,"POVOADO DE ARAGUACI, CENTRO, ARAGUANA, TO, BRASIL",,,,
TO,ARAGUANA,PRONTO ATENDIMENTO DONA SILVIA FONSECA,AVENIDA AURELIANO RIBEIRO,S/N,CENTRO,"AVENIDA AURELIANO RIBEIRO, CENTRO, ARAGUANA, TO, BRASIL",,,,
TO,ARAGUANA,UBSF ANTONIO DINIZ SOUZA,AVENIDA AURELIANO RIBEIRO,0,CENTRO,"AVENIDA AURELIANO RIBEIRO, CENTRO, ARAGUANA, TO, BRASIL",,,,
TO,ARAGUATINS,POSTO DE SAUDE DA VILA CIDINHA,ALAMEDA 01 QUADRA 207 LOTE 16,S/N,VILA CIDINHA,"ALAMEDA 01 QUADRA 207 LOTE 16, VILA CIDINHA, ARAGUATINS, TO, BRASIL",,,,
TO,ARAGUATINS,POSTO DE SAUDE LUIZ ROBERTO AGAPITO,AGROVILA FALCAO,S/N,ZONA RURAL,"AGROVILA FALCAO, ZONA RURAL, ARAGUATINS, TO, BRASIL",,,,
TO,ARAGUATINS,CENTRO MUNICIPAL DE SAUDE ANTONIO BATISTA LIMA,POVOADO TRANSARAGUAIA,S/N,ZONA RURAL,"POVOADO TRANSARAGUAIA, ZONA RURAL, ARAGUATINS, TO, BRASIL",,,,
TO,ARAGUATINS,CENTRO DE SAUDE EUNICE DA CUNHA XAVIER,AVENIDA DOM ORIONE,S/N,SETOR AEROPORTO,"AVENIDA DOM ORIONE, SETOR AEROPORTO, ARAGUATINS, TO, BRASIL",,,,
TO,ARAGUATINS,CENTRO DE SAUDE SOCO ARAGUATINS,POVOADO ARAGUANOPOLIS,S/N,ZONA RURAL,"POVOADO ARAGUANOPOLIS, ZONA RURAL, ARAGUATINS, TO, BRASIL",,,,
TO,ARAGUATINS,CENTRO DE SAUDE NATAL ARAGUATINS,POVOADO NATAL,S/N,ZONA RURAL,"POVOADO NATAL, ZONA RURAL, ARAGUATINS, TO, BRASIL",,,,
TO,ARAGUATINS,CENTRO MUNICIPAL DE SAUDE ARAGUATINS,RUA 13 DE OUTUBRO,695,CENTRO,"RUA 13 DE OUTUBRO, CENTRO, ARAGUATINS, TO, BRASIL",-5.6474525,-48.1317041,"Rua 13 de Outubro, Centro, Araguatins, Região Geográfica Imediata de Araguatins, Região Geográfica Intermediária de Araguaína, Tocantins, Região Norte, 77950-000, Brasil","5 38m 50.829s S, 48 7m 54.1348s W"
TO,ARAGUATINS,CENTRO DE SAUDE NOVA ARAGUATINS ARAGUATINS,RUA FLORIANO PEIXOTO,S/N,NOVA ARAGUATINS,"RUA FLORIANO PEIXOTO, NOVA ARAGUATINS, ARAGUATINS, TO, BRASIL",-5.6560765,-48.1163822,"Rua Floriano Peixoto, Nova Araguatins, Araguatins, Região Geográfica Imediata de Araguatins, Região Geográfica Intermediária de Araguaína, Tocantins, Região Norte, 77950-000, Brasil","5 39m 21.8754s S, 48 6m 58.9759s W"
TO,ARAGUATINS,UNIDADE BASICA DE SAUDE DR WALTER HALLEY M AMADO,RUA 13 DE OUTUBRO,S/N,VILA MIRANDA,"RUA 13 DE OUTUBRO, VILA MIRANDA, ARAGUATINS, TO, BRASIL",,,,
TO,ARAGUATINS,CENTRO DE SAUDE MACAUBA,POVOADO MACAUBA,S/N,ZONA RURAL,"POVOADO MACAUBA, ZONA RURAL, ARAGUATINS, TO, BRASIL",,,,
TO,ARAPOEMA,UNIDADE BASICA DE SAUDE DE ARAPOEMA,RUA PARANA,495,CENTRO,"RUA PARANA, CENTRO, ARAPOEMA, TO, BRASIL",,,,
TO,ARRAIAS,POSTO DE SAUDE CANABRAVA DE ARRAIAS,DISTRITO DE CANABRAVA,S/N,ZONA RURAL,"DISTRITO DE CANABRAVA, ZONA RURAL, ARRAIAS, TO, BRASIL",,,,
TO,ARRAIAS,UNIDADE BASICA DE SAUDE PARQUE DAS COLINAS,RUA 7A 00 QD 0029 LT001,S/N,PARQUE DAS COLINAS,"RUA 7A 00 QD 0029 LT001, PARQUE DAS COLINAS, ARRAIAS, TO, BRASIL",,,,
TO,ARRAIAS,UNIDADE BASICA DE SAUDE ARRAIAS,RUA CORONEL DIOLINDO DOS SANTOS FREIRE,13,CENTRO,"RUA CORONEL DIOLINDO DOS SANTOS FREIRE, CENTRO, ARRAIAS, TO, BRASIL",,,,
TO,ARRAIAS,UNIDADE BASICA DE SAUDE BURITIZINHO ARRAIAS,RUA 06,S/N,BURITIZINHO,"RUA 06, BURITIZINHO, ARRAIAS, TO, BRASIL",,,,
TO,ARRAIAS,UNIDADE BASICA DE SAUDE CANABRAVA,RUA ANTONIO GENTIL DOS SANTOS 00 QD001 LT14,S/N,RURAL,"RUA ANTONIO GENTIL DOS SANTOS 00 QD001 LT14, RURAL, ARRAIAS, TO, BRASIL",,,,
TO,AUGUSTINOPOLIS,UNIDADE DE SAUDE DA FAMILIA IV DE AUGUSTINOPOLIS,AVENIDA PACIFICO SIQUEIRA CAMPOS,S/N,SAO PEDRO,"AVENIDA PACIFICO SIQUEIRA CAMPOS, SAO PEDRO, AUGUSTINOPOLIS, TO, BRASIL",,,,
TO,AUGUSTINOPOLIS,UNIDADE DE SAUDE DA FAMILIA I AUGUSTINOPOLIS,RUA SERGIPE,S/N,BOA VISTA,"RUA SERGIPE, BOA VISTA, AUGUSTINOPOLIS, TO, BRASIL",,,,
TO,AUGUSTINOPOLIS,UNIDADE DE SAUDE DA FAMILIA III AUGUSTINOPOLIS,RUA 15 DE NOVEMBRO,S/N,SANTA RITA,"RUA 15 DE NOVEMBRO, SANTA RITA, AUGUSTINOPOLIS, TO, BRASIL",,,,
TO,AUGUSTINOPOLIS,UNIDADE DE SAUDE DA FAMILIA V AUGUSTINOPOLIS,POVOADO KM 16,S/N,ZONA RURAL,"POVOADO KM 16, ZONA RURAL, AUGUSTINOPOLIS, TO, BRASIL",,,,
TO,AUGUSTINOPOLIS,UNIDADE DA SAUDE DA FAMILIA II AUGUSTINOPOLIS,RUA PRESIDENTE KENNEDY,400,CENTRO,"RUA PRESIDENTE KENNEDY, CENTRO, AUGUSTINOPOLIS, TO, BRASIL",,,,
TO,AURORA DO TOCANTINS,UNIDADE DE SAUDE DA FAMILIA DONA ENITE DE AURORA DO TOCANTIN,AVENIDA BENICIO LUIZ TAVARES,S/N,VILA BAIANA,"AVENIDA BENICIO LUIZ TAVARES, VILA BAIANA, AURORA DO TOCANTINS, TO, BRASIL",,,,
TO,AXIXA DO TOCANTINS,UNIDADE BASICA DE SAUDE DR JOSE FERREIRA LIMA,ROD 201 KM 07,0,ZONA RURAL,"ROD 201 KM 07, ZONA RURAL, AXIXA DO TOCANTINS, TO, BRASIL",,,,
TO,AXIXA DO TOCANTINS,UNIDADE BASICA DE SAUDE FRANCISCO LEAO DE SOUSA,VILA PALMEIRAS POVOADO PEQUIZEIRO,0,ZONA RURAL,"VILA PALMEIRAS POVOADO PEQUIZEIRO, ZONA RURAL, AXIXA DO TOCANTINS, TO, BRASIL",,,,
TO,AXIXA DO TOCANTINS,UNIDADE BASICA DE SAUDE GELCYANE FERREIRA COELHO,RUA DO COMERCIO,2085,CENTRO,"RUA DO COMERCIO, CENTRO, AXIXA DO TOCANTINS, TO, BRASIL",,,,
TO,AXIXA DO TOCANTINS,UNIDADE BASICA DE SAUDE PE JOSIMO MORAIS TAVARES,RUA PRINCIPAL POVOADO MORADA NOVA,0,ZONA RURAL,"RUA PRINCIPAL POVOADO MORADA NOVA, ZONA RURAL, AXIXA DO TOCANTINS, TO, BRASIL",,,,
TO,AXIXA DO TOCANTINS,UNIDADE BASICA DE SAUDE SANTA MARIA,AV VILA NOVA,S/N,CENTRO,"AV VILA NOVA, CENTRO, AXIXA DO TOCANTINS, TO, BRASIL",,,,
TO,BABACULANDIA,UNIDADE BASICA DE SAUDE AURELIO DIAS DE ARAUJO,POVOADO FARTURAO,S/N,ZONA RURAL,"POVOADO FARTURAO, ZONA RURAL, BABACULANDIA, TO, BRASIL",,,,
TO,BABACULANDIA,UNIDADE SAUDE DA FAMILIA PROF JOANA DARC BABACULANDIA,RUA SEBASTIAO DE SOUSA,S/N,BAIRRO DE AREIA,"RUA SEBASTIAO DE SOUSA, BAIRRO DE AREIA, BABACULANDIA, TO, BRASIL",,,,
TO,BABACULANDIA,UNIDADE SAUDE DA FAMILIA D ALDELICE BABACULANDIA,VC 1 A QD 01 LT 01,23,CENTRO,"VC 1 A QD 01 LT 01, CENTRO, BABACULANDIA, TO, BRASIL",,,,
TO,BABACULANDIA,UNIDADE BASICA DE SAUDE JOANA DE SOUSA LIMA,ESTRADA DA REGIAO DA CEBOLA,S/N,ZONA RURAL,"ESTRADA DA REGIAO DA CEBOLA, ZONA RURAL, BABACULANDIA, TO, BRASIL",,,,
TO,BABACULANDIA,UNIDADE DE SAUDE NELSON BARROS DO AMARANTE,TO 010,S/N,ZONA RURAL,"TO 010, ZONA RURAL, BABACULANDIA, TO, BRASIL",,,,
TO,BABACULANDIA,CENTRO DE SAUDE CENTRAL BABACULANDIA,VC 1 A QD 01 LT 01,23,CENTRO,"VC 1 A QD 01 LT 01, CENTRO, BABACULANDIA, TO, BRASIL",,,,
TO,BANDEIRANTES DO TOCANTINS,UNIDADE DE SAUDE DA FAMILIA DE BANDEIRANTES,RUA DOMINGOS LEONEL,432,CENTRO,"RUA DOMINGOS LEONEL, CENTRO, BANDEIRANTES DO TOCANTINS, TO, BRASIL",,,,
TO,BARRA DO OURO,UNIDADE BASICA DE SAUDE DE BARRA DO OURO,RUA ZECA LIMA,S/N,CENTRO,"RUA ZECA LIMA, CENTRO, BARRA DO OURO, TO, BRASIL",,,,
TO,BARRA DO OURO,USF POV DE MORRO GRANDE BARRA DO OURO,AV GOIATINS,S/N,POV MORRO GRANDE,"AV GOIATINS, POV MORRO GRANDE, BARRA DO OURO, TO, BRASIL",,,,
TO,BARROLANDIA,UNIDADE BASICA DE SAUDE,AVENIDA BERNARDO SAYAO,S/N,CENTRO,"AVENIDA BERNARDO SAYAO, CENTRO, BARROLANDIA, TO, BRASIL",,,,
TO,BARROLANDIA,PSF PROGRAMA SAUDE DA FAMILIA,RUA RAIMUNDO COELHO,S/N,CENTRO,"RUA RAIMUNDO COELHO, CENTRO, BARROLANDIA, TO, BRASIL",,,,
TO,BERNARDO SAYAO,CENTRO DE SAUDE BERNARDO SAYAO,RUA ERNESTINO MARCELINO ALVES,79,CENTRO,"RUA ERNESTINO MARCELINO ALVES, CENTRO, BERNARDO SAYAO, TO, BRASIL",,,,
TO,BOM JESUS DO TOCANTINS,UNIDADE MUNICIPAL DE SAUDE FRANCISCO PEREIRA ROCHA,AVENIDA AEROPORTO,S/N,SETOR AEROPORTO,"AVENIDA AEROPORTO, SETOR AEROPORTO, BOM JESUS DO TOCANTINS, TO, BRASIL",,,,
TO,BOM JESUS DO TOCANTINS,UNIDADE MUNICIPAL DE SAUDE JOANA MARIA ARAUJO NEVES PEREIRA,AVENIDA TOCANTINS,S/N,PEDRA BRANCA,"AVENIDA TOCANTINS, PEDRA BRANCA, BOM JESUS DO TOCANTINS, TO, BRASIL",,,,
TO,BRASILANDIA DO TOCANTINS,UNIDADE DE SAUDE DA FAMILIA DE BRASILANDIA,AV ANTONIO MATEUS,925,CENTRO,"AV ANTONIO MATEUS, CENTRO, BRASILANDIA DO TOCANTINS, TO, BRASIL",,,,
TO,BREJINHO DE NAZARE,UNIDADE DE SAUDE DA FAMILIA II BREJINHO DE NAZARE,RUA PEDRO ANDRADE,S/N,SETOR BELA VISTA,"RUA PEDRO ANDRADE, SETOR BELA VISTA, BREJINHO DE NAZARE, TO, BRASIL",,,,
TO,BREJINHO DE NAZARE,UNIDADE DE SAUDE DA FAMILIA BREJINHO DE NAZARE,RUA JONAS PEREIRA LIMA,710,CENTRO,"RUA JONAS PEREIRA LIMA, CENTRO, BREJINHO DE NAZARE, TO, BRASIL",,,,
TO,BURITI DO TOCANTINS,UNIDADE SAUDE DA FAMILIA DR MENEZES,RUA FUNDACAO SESP,S/N,CENTRO,"RUA FUNDACAO SESP, CENTRO, BURITI DO TOCANTINS, TO, BRASIL",,,,
TO,BURITI DO TOCANTINS,CENTRO DE SAUDE DOS FERREIRAS,AVENIDA SANTO ANTONIO,S/N,ZONA RURAL,"AVENIDA SANTO ANTONIO, ZONA RURAL, BURITI DO TOCANTINS, TO, BRASIL",,,,
TO,BURITI DO TOCANTINS,CENTRO MUNICIPAL DE SAUDE DONA EDMUNDA DE BURITI,RUA FUNDACAO SESP,S/N,CENTRO,"RUA FUNDACAO SESP, CENTRO, BURITI DO TOCANTINS, TO, BRASIL",,,,
TO,BURITI DO TOCANTINS,CENTRO DE SAUDE SAO JOSE DE BURITI,RUA CENTRAL,S/N,CENTRO,"RUA CENTRAL, CENTRO, BURITI DO TOCANTINS, TO, BRASIL",,,,
TO,BURITI DO TOCANTINS,POSTO DE SAUDE DONA CONCEICAO DE BURITI DO TO,RUA SAO FRANCISCO,S/N,ZONA RURAL,"RUA SAO FRANCISCO, ZONA RURAL, BURITI DO TOCANTINS, TO, BRASIL",,,,
TO,CACHOEIRINHA,UNIDADE BASICA DE SAUDE DE CACHOEIRINHA,RUA 7 DE SETEMBRO,244,CENTRO,"RUA 7 DE SETEMBRO, CENTRO, CACHOEIRINHA, TO, BRASIL",,,,
TO,CAMPOS LINDOS,UNIDADE BASICA DE SAUDE DE CAMPOS LINDOS,RUA 1 DE JANEIRO,S/N,CENTRO,"RUA 1 DE JANEIRO, CENTRO, CAMPOS LINDOS, TO, BRASIL",,,,
TO,CARIRI DO TOCANTINS,UNIDADE DE SAUDE PRISIONAL DE CARIRI DO TOCANTINS,BR 153 KM 684 CARIRI DO TOCANTINS,S/N,ZONA RURAL,"BR 153 KM 684 CARIRI DO TOCANTINS, ZONA RURAL, CARIRI DO TOCANTINS, TO, BRASIL",,,,
TO,CARIRI DO TOCANTINS,UNIDADE BASICA DE SAUDE,RUA JULIETA ZEFERINO DE OLIVEIRA,S/N,CENTRO,"RUA JULIETA ZEFERINO DE OLIVEIRA, CENTRO, CARIRI DO TOCANTINS, TO, BRASIL",,,,
TO,CARIRI DO TOCANTINS,UNIDADE DE SAUDE DA FAMILIA MANOEL PEDRO PIRES FILHO,RUA JULIETA ZEFERINO DE OLIVEIRA,S/N,CENTRO,"RUA JULIETA ZEFERINO DE OLIVEIRA, CENTRO, CARIRI DO TOCANTINS, TO, BRASIL",,,,
TO,CARMOLANDIA,UNIDADE BASICA DE SAUDE ANA DOS SANTOS OLIVEIRA,RUA A,S/N,CENTRO,"RUA A, CENTRO, CARMOLANDIA, TO, BRASIL",,,,
TO,CARRASCO BONITO,POSTO DE SAUDE BERNARDO VICENTE ARAUJO PEREIRA C BONITO,AVENIDA PRINCIPAL,S/N,POVOADO CENTRO DO FI,"AVENIDA PRINCIPAL, POVOADO CENTRO DO FI, CARRASCO BONITO, TO, BRASIL",,,,
TO,CARRASCO BONITO,UNIDADE BASICA DE SAUDE AGENOR BEZERRA DE LIMA C BONITO,RUA PRINCIPAL,S/N,ZONA RURAL,"RUA PRINCIPAL, ZONA RURAL, CARRASCO BONITO, TO, BRASIL",,,,
TO,CARRASCO BONITO,UNIDADE BASICA DE SAUDE ANA TORRES BANDEIRA CARRASCO BONITO,AVENIDA PARATI,S/N,CENTRO,"AVENIDA PARATI, CENTRO, CARRASCO BONITO, TO, BRASIL",,,,
TO,CASEARA,CENTRO DE SAUDE DE CASEARA,RUA DOS AVIADORES,S/N,CENTRO,"RUA DOS AVIADORES, CENTRO, CASEARA, TO, BRASIL",,,,
TO,CENTENARIO,UNIDADE BASICA DE SAUDE ANTONIO GONCALVES DE LIMA,AVENIDA CEARA,S/N,CENTRO,"AVENIDA CEARA, CENTRO, CENTENARIO, TO, BRASIL",,,,
TO,CHAPADA DA NATIVIDADE,UNIDADE DE SAUDE DA FAMILIA EMILIO ANTONIO DE ARAUJO CH NATI,RUA DOS CRUZEIROS,S/N,CENTRO,"RUA DOS CRUZEIROS, CENTRO, CHAPADA DA NATIVIDADE, TO, BRASIL",,,,
TO,CHAPADA DE AREIA,UNIDADE BASICA DE SAUDE DE CHAPADA DE AREIA,AVENIDA PRINCIPAL,S/N,CENTRO,"AVENIDA PRINCIPAL, CENTRO, CHAPADA DE AREIA, TO, BRASIL",,,,
TO,COLINAS DO TOCANTINS,UNIDADE DE SAUDE DA FAMILIA LAURINDO FERREIRA COLINAS,RUA 15,16,SETOR OESTE,"RUA 15, SETOR OESTE, COLINAS DO TOCANTINS, TO, BRASIL",,,,
TO,COLINAS DO TOCANTINS,UNIDADE DE SAUDE DA FAMILIA NAIR FERREIRA COLINAS,RUA GUARAI,S/N,SUL,"RUA GUARAI, SUL, COLINAS DO TOCANTINS, TO, BRASIL",,,,
TO,COLINAS DO TOCANTINS,UNIDADE DE SAUDE DA FAMILIA SAO CRISTOVAO COLINAS,RUA SAO JUDAS TADEU,666,SETOR SANTO ANTONIO,"RUA SAO JUDAS TADEU, SETOR SANTO ANTONIO, COLINAS DO TOCANTINS, TO, BRASIL",,,,
TO,COLINAS DO TOCANTINS,UNIDADE DE SAUDE DA FAMILIA DAVINO TEIXEIRA COLINAS,RUA ALTO DA PARNAIBA,S/N,SETOR SANTA ROSA,"RUA ALTO DA PARNAIBA, SETOR SANTA ROSA, COLINAS DO TOCANTINS, TO, BRASIL",,,,
TO,COLINAS DO TOCANTINS,UNIDADE DE SAUDE DA FAMILIA JARMILAO SAMPAIO COLINAS,AV RUIDELMAR LIMEIRA BORGES,759,CAMPINAS,"AV RUIDELMAR LIMEIRA BORGES, CAMPINAS, COLINAS DO TOCANTINS, TO, BRASIL",,,,
TO,COLINAS DO TOCANTINS,UNIDADE DE SAUDE DA FAMILIA GERSON DE OLIVEIRA COLINAS,RUA DO ROTARY,637,COLINAS CAMPO CLUBE,"RUA DO ROTARY, COLINAS CAMPO CLUBE, COLINAS DO TOCANTINS, TO, BRASIL",,,,
TO,COLINAS DO TOCANTINS,UBS SANTA MARIA DE COLINAS,RUA MAURICIO GUEDES,S/N,SANTA MARIA,"RUA MAURICIO GUEDES, SANTA MARIA, COLINAS DO TOCANTINS, TO, BRASIL",,,,
TO,COLINAS DO TOCANTINS,UNIDADE DE SAUDE DA FAMILIA MARIA CAMPOS AIRES COLINAS,RUA 07 DE SETEMBRO,176,SETOR RODOVIARIO,"RUA 07 DE SETEMBRO, SETOR RODOVIARIO, COLINAS DO TOCANTINS, TO, BRASIL",,,,
TO,COLINAS DO TOCANTINS,UNIDADE DE SAUDE DA FAMILIA CENTRO E SOL NASCENTE COLINAS,RUA GOIAS,870,SOL NASCENTE,"RUA GOIAS, SOL NASCENTE, COLINAS DO TOCANTINS, TO, BRASIL",,,,
TO,COLINAS DO TOCANTINS,UNIDADE DA SAUDE DA FAMILIA MARIA MARTINS NUNES COLINAS,RUA AIRTON SENNA,667,ALVORADA,"RUA AIRTON SENNA, ALVORADA, COLINAS DO TOCANTINS, TO, BRASIL",,,,
TO,COLINAS DO TOCANTINS,UBS AGDA MARIA DE JESUS COLINAS,RUA GETULIO VARGAS,S/N,ESTRELA DO NORTE,"RUA GETULIO VARGAS, ESTRELA DO NORTE, COLINAS DO TOCANTINS, TO, BRASIL",,,,
TO,COLINAS DO TOCANTINS,UBS ARAGUAIA II DE COLINAS,RUA MINEIROS,195,ARAGUAIA,"RUA MINEIROS, ARAGUAIA, COLINAS DO TOCANTINS, TO, BRASIL",,,,
TO,COLMEIA,UNIDADE MUNICIPAL DE SAUDE DA FAMILIA COLMEINHA,RUA GOIAS,S/N,COLMEINHA,"RUA GOIAS, COLMEINHA, COLMEIA, TO, BRASIL",,,,
TO,COLMEIA,UNIDADE MUNICIPAL DE SAUDE DA FAMILIA GOIANI DOS CAMPOS,AVENIDA TIRADENTES,149,DISTRITO DE GOIANI D,"AVENIDA TIRADENTES, DISTRITO DE GOIANI D, COLMEIA, TO, BRASIL",,,,
TO,COLMEIA,UNIDADE BASICA DE SAUDE DR JOAQUIM,AVENIDA MONSENHOR LINCOLN,211,CENTRO,"AVENIDA MONSENHOR LINCOLN, CENTRO, COLMEIA, TO, BRASIL",,,,
TO,COLMEIA,UNIDADE MUNICIPAL DE SAUDE DA FAMILIA SETOR SUL,AVENIDA LONGUINHO VIEIRA JUNIOR,S/N,SETOR SUL,"AVENIDA LONGUINHO VIEIRA JUNIOR, SETOR SUL, COLMEIA, TO, BRASIL",,,,
TO,COMBINADO,CENTRO DE SAUDE DE COMBINADO,AVENIDA PALMAS,136,CENTRO,"AVENIDA PALMAS, CENTRO, COMBINADO, TO, BRASIL",,,,
TO,CONCEICAO DO TOCANTINS,UNIDADE DE SAUDE ABILIO FRANCISCO DE AZEVEDO,AVENIDA GOIAS,S/N,SETOR SUL,"AVENIDA GOIAS, SETOR SUL, CONCEICAO DO TOCANTINS, TO, BRASIL",,,,
TO,CONCEICAO DO TOCANTINS,UNIDADE DE SAUDE LUIZ FRANCISCO DE MIRANDA,AVENIDA SEBASTIAO DE BRITO,181,CENTRO,"AVENIDA SEBASTIAO DE BRITO, CENTRO, CONCEICAO DO TOCANTINS, TO, BRASIL",,,,
TO,COUTO MAGALHAES,PRONTO ATENDIMENTO COUTO MAGALHAES,RUA 5,940,CENTRO,"RUA 5, CENTRO, COUTO MAGALHAES, TO, BRASIL",,,,
TO,COUTO MAGALHAES,UNIDADE BASICA DE SAUDE RURAL,RUA 05,940,CENTRO,"RUA 05, CENTRO, COUTO MAGALHAES, TO, BRASIL",,,,
TO,CRISTALANDIA,CENTRO MUNICIPAL DE SAUDE CRISTALANDIA,AVENIDA MADRE VERONICA,976,CENTRO,"AVENIDA MADRE VERONICA, CENTRO, CRISTALANDIA, TO, BRASIL",,,,
TO,CRISTALANDIA,UNIDADE DE SAUDE FREI ROSARIO DE CRISTALANDIA,RUA BELA VISTA,S/N,SAO JORGE,"RUA BELA VISTA, SAO JORGE, CRISTALANDIA, TO, BRASIL",,,,
TO,CRIXAS DO TOCANTINS,UNIDADE BASICA DE SAUDE DA FAMILIA CRIXAS,AVENIDA MARECHAL RONDOM,S/N,CENTRO,"AVENIDA MARECHAL RONDOM, CENTRO, CRIXAS DO TOCANTINS, TO, BRASIL",,,,
TO,DARCINOPOLIS,CENTRO MUNICIPAL DE SAUDE DARCINOPOLIS,RUA 7 DE SETEMBRO,S/N,CENTRO,"RUA 7 DE SETEMBRO, CENTRO, DARCINOPOLIS, TO, BRASIL",,,,
TO,DIANOPOLIS,UNIDADE BASICA DE SAUDE PSF 06 DIANOPOLIS,AVENIDA BOA VISTA,S/N,SANTA LUIZA,"AVENIDA BOA VISTA, SANTA LUIZA, DIANOPOLIS, TO, BRASIL",,,,
TO,DIANOPOLIS,UNIDADE BASICA DE SAUDE PSF 02 DIANOPOLIS,RUA 11,S/N,NOVA CIDADE,"RUA 11, NOVA CIDADE, DIANOPOLIS, TO, BRASIL",,,,
TO,DIANOPOLIS,UNIDADE BASICA DE SAUDE PSF 01 DIANOPOLIS,RUA TANCREDO NEVES,S/N,CAVALCANTE,"RUA TANCREDO NEVES, CAVALCANTE, DIANOPOLIS, TO, BRASIL",,,,
TO,DIANOPOLIS,UNIDADE BASICA DE SAUDE PSF 04 DIANOPOLIS,PRACA DA LIBERDADE,23,BELA VISTA,"PRACA DA LIBERDADE, BELA VISTA, DIANOPOLIS, TO, BRASIL",,,,
TO,DIANOPOLIS,UNIDADE BASICA DE SAUDE PSF 03 DIANOPOLIS,RUA NILO RODRIGUES,S/N,CENTRO,"RUA NILO RODRIGUES, CENTRO, DIANOPOLIS, TO, BRASIL",,,,
TO,DIANOPOLIS,UNIDADE BASICA DE SAUDE PSF 05 DIANOPOLIS,PRACA DAS MANGUEIRAS,S/N,CAVALCANTE,"PRACA DAS MANGUEIRAS, CAVALCANTE, DIANOPOLIS, TO, BRASIL",,,,
TO,DIVINOPOLIS DO TOCANTINS,UNIDADE DE SAUDE SUB TENENTE VALDIR TELES PAIXAO,RUA MARCILON MARTINS,S/N,SETOR FERNANDINHO,"RUA MARCILON MARTINS, SETOR FERNANDINHO, DIVINOPOLIS DO TOCANTINS, TO, BRASIL",,,,
TO,DIVINOPOLIS DO TOCANTINS,UNIDADE DE SAUDE EVA DA SILVA ABREU,AV DIVINO LUIZ COSTA,962,CENTRO,"AV DIVINO LUIZ COSTA, CENTRO, DIVINOPOLIS DO TOCANTINS, TO, BRASIL",,,,
TO,DIVINOPOLIS DO TOCANTINS,POSTO DE SAUDE VEREADOR NAILDO ALVES,RUA 17,S/N,SETOR SOL NASCENTE,"RUA 17, SETOR SOL NASCENTE, DIVINOPOLIS DO TOCANTINS, TO, BRASIL",,,,
TO,DOIS IRMAOS DO TOCANTINS,UNIDADE MISTA DE SAUDE DE DOIS IRMAOS DO TOCANTINS,AV TRES PODERES ESQ C RUA MARANHAO,S/N,CENTRO,"AV TRES PODERES ESQ C RUA MARANHAO, CENTRO, DOIS IRMAOS DO TOCANTINS, TO, BRASIL",,,,
TO,DOIS IRMAOS DO TOCANTINS,UNIDADE SAUDE DA FAMILIA FELIX CARREIRO DA GLORIA,AV TRES PODERES,S/N,CENTRO,"AV TRES PODERES, CENTRO, DOIS IRMAOS DO TOCANTINS, TO, BRASIL",,,,
TO,DUERE,CENTRO DE SAUDE LUISA PINHEIRO BARROS DUERE,AVN JADER PIRES,92,CENTRO,"AVN JADER PIRES, CENTRO, DUERE, TO, BRASIL",,,,
TO,DUERE,POSTO DE SAUDE MAE BIA,RUA COELHO NETO,S/N,AEROPORTO,"RUA COELHO NETO, AEROPORTO, DUERE, TO, BRASIL",,,,
TO,ESPERANTINA,UNIDADE DE SAUDE DA FAMILIA VILA TOCANTINS,RUA PADRE JOSIMO,S/N,VILA TOCANTINS,"RUA PADRE JOSIMO, VILA TOCANTINS, ESPERANTINA, TO, BRASIL",-5.3170656,-48.4662271,"Rua Padre Josimo, Zé Mulato, Vila Tocantins, Esperantina, Região Geográfica Imediata de Araguatins, Região Geográfica Intermediária de Araguaína, Tocantins, Região Norte, 77993-000, Brasil","5 19m 1.43616s S, 48 27m 58.4176s W"
TO,ESPERANTINA,UNIDADE DE SAUDE DA FAMILIA,RUA VITORINO RIBEIRO,85,CENTRO,"RUA VITORINO RIBEIRO, CENTRO, ESPERANTINA, TO, BRASIL",,,,
TO,FATIMA,UNIDADE DE SAUDE DA FAMILIA DR ANTONIO PEDRO RIBEIRO,AV JK,S/N,CENTRO,"AV JK, CENTRO, FATIMA, TO, BRASIL",,,,
TO,FATIMA,UNIDADE BASICA DE SAUDE EVA VASCONCELOS,RUA PRINCIPAL,S/N,CENTRO,"RUA PRINCIPAL, CENTRO, FATIMA, TO, BRASIL",,,,
TO,FATIMA,CENTRO MUNICIPAL DE SAUDE FATIMA,RUA BELO HORIZONTE,150,CENTRO,"RUA BELO HORIZONTE, CENTRO, FATIMA, TO, BRASIL",-22.3871652,-54.5064852,"Rua Belo Horizonte, Fátima do Sul, Região Geográfica Imediata de Dourados, Região Geográfica Intermediária de Dourados, Mato Grosso do Sul, Região Centro-Oeste, 79700-000, Brasil","22 23m 13.7947s S, 54 30m 23.3467s W"
TO,FIGUEIROPOLIS,UNIDADE BASICA DE SAUDE NELCINDO JOAO CALLAI,AVENIDA BOAVNTURA JOSE MARINHO,S/N,CENTRO,"AVENIDA BOAVNTURA JOSE MARINHO, CENTRO, FIGUEIROPOLIS, TO, BRASIL",,,,
TO,FIGUEIROPOLIS,CENTRO DE SAUDE OLAVO RODRIGUES DE MATOS,RUA BERNARDO SAYAO,S/N,CENTRO,"RUA BERNARDO SAYAO, CENTRO, FIGUEIROPOLIS, TO, BRASIL",,,,
TO,FILADELFIA,UNIDADE DE SAUDE NOVA FILADELFIA,AVENIDA TANCREDO NEVES,0,NOVA FILADELFIA,"AVENIDA TANCREDO NEVES, NOVA FILADELFIA, FILADELFIA, TO, BRASIL",,,,
TO,FILADELFIA,POSTO DE SAUDE DE FILADELFIA,AVENIDA PREFEITO JESUS ALENCAR,S/N,NOVA FILADELFIA,"AVENIDA PREFEITO JESUS ALENCAR, NOVA FILADELFIA, FILADELFIA, TO, BRASIL",,,,
TO,FILADELFIA,UNIDADE DE SAUDE CENTRO FILADELFIA,RUA JOAO DE ABREU,478,CENTRO,"RUA JOAO DE ABREU, CENTRO, FILADELFIA, TO, BRASIL",,,,
TO,FORMOSO DO ARAGUAIA,UNIDADE SAUDE DA FAMILIA CENTRO,AV JOAQUIM BATISTA DE OLIVEIRA SALA 02,S/N,CENTRO,"AV JOAQUIM BATISTA DE OLIVEIRA SALA 02, CENTRO, FORMOSO DO ARAGUAIA, TO, BRASIL",,,,
TO,FORMOSO DO ARAGUAIA,UNIDADE SAUDE DA FAMILIA SETOR ALIANCA,RUA MARGINAL ESQUERDA,S/N,ALIANCA,"RUA MARGINAL ESQUERDA, ALIANCA, FORMOSO DO ARAGUAIA, TO, BRASIL",,,,
TO,FORMOSO DO ARAGUAIA,UNIDADE SAUDE DA FAMILIA SETOR PLANALTO,RUA 09,271,JARDIM PLANALTO,"RUA 09, JARDIM PLANALTO, FORMOSO DO ARAGUAIA, TO, BRASIL",,,,
TO,FORMOSO DO ARAGUAIA,UNIDADE SAUDE DA FAMILIA SAO JOSE RURAL,RUA JORGE MONTEL,S/N,SAO JOSE,"RUA JORGE MONTEL, SAO JOSE, FORMOSO DO ARAGUAIA, TO, BRASIL",,,,
TO,FORMOSO DO ARAGUAIA,UNIDADE SAUDE DA FAMILIA CENTRO I,AVENIDA JOAQUIM BATISTA DE OLIVEIRA,S/N,CENTRO,"AVENIDA JOAQUIM BATISTA DE OLIVEIRA, CENTRO, FORMOSO DO ARAGUAIA, TO, BRASIL",,,,
TO,FORMOSO DO ARAGUAIA,UNIDADE DE SAUDE FAMILIA SAO JOSE I IRACY GOMES DE SOUZA,AV DOM PEDRO II ESQ COM A RUA 11 LT G2D QD G2,S/N,SAO JOSE I,"AV DOM PEDRO II ESQ COM A RUA 11 LT G2D QD G2, SAO JOSE I, FORMOSO DO ARAGUAIA, TO, BRASIL",,,,
TO,FORTALEZA DO TABOCAO,CENTRO DE SAUDE DR PEDRO ZANINA DE FORTALEZA DO TABOCAO,RUA DO SESP,S/N,CENTRO,"RUA DO SESP, CENTRO, FORTALEZA DO TABOCAO, TO, BRASIL",,,,
TO,GOIANORTE,UNIDADE DE SAUDE DA FAMILIA GOIANORTE,AVENIDA BANANAL,S/N,CENTRO,"AVENIDA BANANAL, CENTRO, GOIANORTE, TO, BRASIL",,,,
TO,GOIANORTE,UNIDADE DE SAUDE MARIANO PEREIRA DA SILVA,RUA PARA,S/N,PLANALTO,"RUA PARA, PLANALTO, GOIANORTE, TO, BRASIL",,,,
TO,GOIATINS,POSTO DE SAUDE MANOEL ALVES INDIGINA,ALDEIA MANOEL ALVES GRANDE,S/N,ZONA RURAL,"ALDEIA MANOEL ALVES GRANDE, ZONA RURAL, GOIATINS, TO, BRASIL",,,,
TO,GOIATINS,UNIDADE BASICA DE SAUDE DE ALTO LINDO GOIATINS,AVENIDA SOUSA PORTO,S/N,POVOADO ALTO LINDO,"AVENIDA SOUSA PORTO, POVOADO ALTO LINDO, GOIATINS, TO, BRASIL",,,,
TO,GOIATINS,CENTRO MUNICIPAL DE SAUDE SETOR AEROPORTO DE GOIATINS,AVENIDA LUIZA PEREIRA DOS SANTOS,S/N,SETOR AEROPORTO,"AVENIDA LUIZA PEREIRA DOS SANTOS, SETOR AEROPORTO, GOIATINS, TO, BRASIL",,,,
TO,GOIATINS,POSTO DE SAUDE SETOR BELMIRO,RUA 02,S/N,CENTRO,"RUA 02, CENTRO, GOIATINS, TO, BRASIL",,,,
TO,GOIATINS,CENTRO MUNICIPAL DE SAUDE DE GOIATINS,PRACA DOUTOR JOSE DE ASSIS,657,CENTRO,"PRACA DOUTOR JOSE DE ASSIS, CENTRO, GOIATINS, TO, BRASIL",-7.7119822,-47.3159258,"Praça Doutor José de Assis, Goiatins, Região Geográfica Imediata de Araguaína, Região Geográfica Intermediária de Araguaína, Tocantins, Região Norte, 77770-000, Brasil","7 42m 43.1359s S, 47 18m 57.3329s W"
TO,GUARAI,UNIDADE BASICA DE SAUDE JOSE LOMAZZI FILHO GUARAI,AVENIDA TIRADENTES,1888,CENTRO,"AVENIDA TIRADENTES, CENTRO, GUARAI, TO, BRASIL",,,,
TO,GUARAI,UBS COSME MARIANO DOS SANTOS DE GUARAI,RUA BEZERRA MENDONCA,S/N,SETOR JARDIM ALTO AL,"RUA BEZERRA MENDONCA, SETOR JARDIM ALTO AL, GUARAI, TO, BRASIL",,,,
TO,GUARAI,UBS ALUISIO TENORIO MARQUES DE GUARAI,AVENIDA BOA ESPERANCA,S/N,DANTAS,"AVENIDA BOA ESPERANCA, DANTAS, GUARAI, TO, BRASIL",,,,
TO,GUARAI,POSTO DE SAUDE ANTONIA CORREIAS DE ALMEIDA,BAIRRO SAO LUIZ,S/N,SAO LUIZ,"BAIRRO SAO LUIZ, SAO LUIZ, GUARAI, TO, BRASIL",,,,
TO,GUARAI,UNIDADE BASICA DE SAUDE DO SETOR PESTANA GUARAI,AVENIDA CEARA ESQUINA COM BAHIA,S/N,SETOR PESTANA,"AVENIDA CEARA ESQUINA COM BAHIA, SETOR PESTANA, GUARAI, TO, BRASIL",,,,
TO,GUARAI,UNIDADE BASICA DE SAUDE SETOR AEROPORTO GUARAI,AVENIDA W6 ESQUINA B11,S/N,SETOR AEROPOSTO,"AVENIDA W6 ESQUINA B11, SETOR AEROPOSTO, GUARAI, TO, BRASIL",,,,
TO,GUARAI,UNIDADE BASICA DE SAUDE JOSE COELHO DOS SANTOS GUARAI,AVENIDA TOCANTINS,S/N,CENTRO,"AVENIDA TOCANTINS, CENTRO, GUARAI, TO, BRASIL",,,,
TO,GUARAI,UNIDADE BASICA DE SAUDE MARIA CELIA VALADARES,RUA MANOEL ALENCAR,3316,SETOR JARDIM BRASILI,"RUA MANOEL ALENCAR, SETOR JARDIM BRASILI, GUARAI, TO, BRASIL",,,,
TO,GURUPI,UNIDADE DE SAUDE DA FAMILIA PARQUE DAS ACACIAS,RUA A 07,187,LOTEAMENTO RESIDENCI,"RUA A 07, LOTEAMENTO RESIDENCI, GURUPI, TO, BRASIL",,,,
TO,GURUPI,UNIDADE BASICA DE SAUDE ULISSES MOREIRA MILHOMEM,RUA I,106,LOTEAMENTO VILA PEDR,"RUA I, LOTEAMENTO VILA PEDR, GURUPI, TO, BRASIL",,,,
TO,GURUPI,CEREST CENTRO DE REFERENCIA EM SAUDE DO TRABALHADOR,BR 242 KM 405,S/N,ZONA RURAL,"BR 242 KM 405, ZONA RURAL, GURUPI, TO, BRASIL",,,,
TO,GURUPI,UNIDADE DE SAUDE DA FAMILIA VILA NOVA,AVENIDA AEROPORTO,266,LOTEAMENTO SETOR AER,"AVENIDA AEROPORTO, LOTEAMENTO SETOR AER, GURUPI, TO, BRASIL",,,,
TO,GURUPI,UNIDADE DE SAUDE DA FAMILIA JOAO MANOEL DOS SANTOS,RUA PRESIDENTE GETULIO VARGAS,257,CENTRO,"RUA PRESIDENTE GETULIO VARGAS, CENTRO, GURUPI, TO, BRASIL",,,,
TO,GURUPI,UNIDADE DE SAUDE DA FAMILIA SAO JOSE,RUA CORSEGA,2671,LOTEAMENTO VILA SAO,"RUA CORSEGA, LOTEAMENTO VILA SAO, GURUPI, TO, BRASIL",,,,
TO,GURUPI,UNIDADE DE SAUDE DA FAMILIA WALDIR LINS,RUA 08,141,LOTEAMENTO BAIRRO EN,"RUA 08, LOTEAMENTO BAIRRO EN, GURUPI, TO, BRASIL",,,,
TO,GURUPI,UNIDADE DE SAUDE DA FAMILIA CASEGO,RUA 21,327,UNIAO V,"RUA 21, UNIAO V, GURUPI, TO, BRASIL",,,,
TO,GURUPI,UNIDADE DE SAUDE DA FAMILIA SOL NASCENTE,AV SERGIPE,2452,LOTEAMENTO JARDIM EL,"AV SERGIPE, LOTEAMENTO JARDIM EL, GURUPI, TO, BRASIL",,,,
TO,GURUPI,UNIDADE BASICA DE SAUDE NEY LUZ E SILVA,C,495,PARQUE NOVA FRONTEIR,"C, PARQUE NOVA FRONTEIR, GURUPI, TO, BRASIL",,,,
TO,GURUPI,UNIDADE DE SAUDE DA FAMILIA SEVILHA,AV RIO BRANCO,385,LOTEAMENTO ALTO DOS,"AV RIO BRANCO, LOTEAMENTO ALTO DOS, GURUPI, TO, BRASIL",,,,
TO,GURUPI,UNIDADE DE SAUDE VILA IRIS,RUA 48,266,PARQUE RES NOVA FRON,"RUA 48, PARQUE RES NOVA FRON, GURUPI, TO, BRASIL",,,,
TO,GURUPI,UNIDADE BASICA DE SAUDE CLARA MOTA E SILVA,RUA 33,383,LOTEAMENTO IRMAOS FE,"RUA 33, LOTEAMENTO IRMAOS FE, GURUPI, TO, BRASIL",,,,
TO,GURUPI,UNIDADE DE SAUDE DA FAMILIA UNIRG,AV BAHIA,2265,CENTRO,"AV BAHIA, CENTRO, GURUPI, TO, BRASIL",,,,
TO,GURUPI,UNIDADE DE SAUDE DA FAMILIA BELA VISTA,RETORNO DA RUA 10,38,PARQUE NOVA FRONTEIR,"RETORNO DA RUA 10, PARQUE NOVA FRONTEIR, GURUPI, TO, BRASIL",,,,
TO,GURUPI,POSTO DE SAUDE TREVO DO TOCANTINS,TREVO DO TOCANTINS,S/N,ZONA RURAL,"TREVO DO TOCANTINS, ZONA RURAL, GURUPI, TO, BRASIL",,,,
TO,IPUEIRAS,U S F IRACEMA SIQUEIRA DE ABREU RIBEIRO IPUEIRAS,RUA SANTO ANTONIO,S/N,CENTRO,"RUA SANTO ANTONIO, CENTRO, IPUEIRAS, TO, BRASIL",,,,
TO,IPUEIRAS,POSTO DE SAUDE DO POVOADO DE SAO FRANCISCO,DISTRITO DE SAO FRANCISCO,S/N,ZONA RURAL,"DISTRITO DE SAO FRANCISCO, ZONA RURAL, IPUEIRAS, TO, BRASIL",,,,
TO,ITACAJA,UNIDADE BASICA DE SAUDE MARIA ROSA DE LIMA DE ITACAJA,RUA P,S/N,SETOR VILA NOVA,"RUA P, SETOR VILA NOVA, ITACAJA, TO, BRASIL",,,,
TO,ITACAJA,UNIDADE DE SAUDE DA FAMILIA ITACAJA,RUA COSTA E SILVA,201,CENTRO,"RUA COSTA E SILVA, CENTRO, ITACAJA, TO, BRASIL",,,,
TO,ITAGUATINS,CENTRO DE SAUDE DE ITAGUATINS,RUA ANTONIO MURICI,51,CENTRO,"RUA ANTONIO MURICI, CENTRO, ITAGUATINS, TO, BRASIL",,,,
TO,ITAGUATINS,UNIDADE BASICA DE SAUDE OSVALDO CRUZ DE ITAGUATINS,RUA DARCY MARINHO,S/N,CENTRO,"RUA DARCY MARINHO, CENTRO, ITAGUATINS, TO, BRASIL",,,,
TO,ITAGUATINS,UNIDADE BASICA DE SAUDE JARI XAVIER MENDES DE ITAGUATINS,RUA 01 ASSENTAMENTO REIS,S/N,ASSENTAMENTO REIS,"RUA 01 ASSENTAMENTO REIS, ASSENTAMENTO REIS, ITAGUATINS, TO, BRASIL",,,,
TO,ITAPIRATINS,UNIDADE BASICA DE SAUDE DE ITAPIRATINS,AVENIDA TOCANTINS,S/N,CENTRO,"AVENIDA TOCANTINS, CENTRO, ITAPIRATINS, TO, BRASIL",,,,
TO,ITAPORA DO TOCANTINS,UNIDADE DE SAUDE DA FAMILIA DE ITAPORA,AVENIDA 05 DE ABRIL ESQUINA COM A RUA PEDRA BONITA,121112,SETOR NOVO HORIZONTE,"AVENIDA 05 DE ABRIL ESQUINA COM A RUA PEDRA BONITA, SETOR NOVO HORIZONTE, ITAPORA DO TOCANTINS, TO, BRASIL",,,,
TO,JAU DO TOCANTINS,POSTO DE SAUDE BOA VENTURA JAU,POVOADO DE BOA VENTURA,S/N,ZONA RURAL,"POVOADO DE BOA VENTURA, ZONA RURAL, JAU DO TOCANTINS, TO, BRASIL",,,,
TO,JAU DO TOCANTINS,UNIDADE BASICA DE SAUDE JAU DO TOCANTINS,AVENIDA F,31,CENTRO,"AVENIDA F, CENTRO, JAU DO TOCANTINS, TO, BRASIL",,,,
TO,JAU DO TOCANTINS,UNIDADE DE SAUDE DA FAMILIA NOVO HORIZONTE JAU,POVOADO NOVO HORIZONTE,S/N,CENTRO,"POVOADO NOVO HORIZONTE, CENTRO, JAU DO TOCANTINS, TO, BRASIL",,,,
TO,JUARINA,UNIDADE DE SAUDE DA FAMILIA JUARINA,AV TIRADENTES,1333,CENTRO,"AV TIRADENTES, CENTRO, JUARINA, TO, BRASIL",,,,
TO,LAGOA DA CONFUSAO,UNIDADE BASICA DE SAUDE 3 LAGOA DA CONFUSAO,AV JOAO MAXIMINO ALENCAR,S/N,CENTRO,"AV JOAO MAXIMINO ALENCAR, CENTRO, LAGOA DA CONFUSAO, TO, BRASIL",,,,
TO,LAGOA DA CONFUSAO,UNIDADE BASICA DE SAUDE 1 LAGOA DA CONFUSAO,RUA 24 DE NOVEMBRO,S/N,CENTRO,"RUA 24 DE NOVEMBRO, CENTRO, LAGOA DA CONFUSAO, TO, BRASIL",,,,
TO,LAGOA DA CONFUSAO,UNIDADE BASICA DE SAUDE 2 LAGOA DA CONFUSAO,POVOADO LOROTY,S/N,ZONA RURAL,"POVOADO LOROTY, ZONA RURAL, LAGOA DA CONFUSAO, TO, BRASIL",,,,
TO,LAGOA DO TOCANTINS,UNIDADE DE SAUDE ESPERIDIAO REZENDE DA GLORIA DE LAGOA DO TO,AV MANOEL ALVES,3,CENTRO,"AV MANOEL ALVES, CENTRO, LAGOA DO TOCANTINS, TO, BRASIL",,,,
TO,LAGOA DO TOCANTINS,USB SABINO PEREIRA SOARES DE LAGOA DO TOCANTINS,AV ALDERINA SANTOS VIEIRA,S/N,CENTRO,"AV ALDERINA SANTOS VIEIRA, CENTRO, LAGOA DO TOCANTINS, TO, BRASIL",,,,
TO,LAJEADO,UNIDADE DE SAUDE DONA FELISBELA,RUA GERMANO CALDEIRA,S/N,CENTRO,"RUA GERMANO CALDEIRA, CENTRO, LAJEADO, TO, BRASIL",,,,
TO,LAJEADO,UBS SETOR AEROPORTO DE LAJEADO DO TOCANTINS,AVENIDA JOSE PIRES,S/N,AEROPORTO,"AVENIDA JOSE PIRES, AEROPORTO, LAJEADO, TO, BRASIL",,,,
TO,LAVANDEIRA,UNIDADE BASICA DE SAUDE LAVANDEIRA,PRIVATO FERREIRA,79,CENTRO,"PRIVATO FERREIRA, CENTRO, LAVANDEIRA, TO, BRASIL",,,,
TO,LIZARDA,UNIDADE BASICA DE SAUDE DO ALTO BONITO,POVOADO ALTO BONITO,S/N,ZONA RURAL,"POVOADO ALTO BONITO, ZONA RURAL, LIZARDA, TO, BRASIL",,,,
TO,LIZARDA,UNIDADE BASICA DE SAUDE DE LIZARDA,RUA 02,S/N,CENTRO,"RUA 02, CENTRO, LIZARDA, TO, BRASIL",,,,
TO,LUZINOPOLIS,UNIDADE BASICA DE SAUDE VICENTE DE PAULA LUZINOPOLIS,RUA NORBERTO COSTA,S/N,CENTRO,"RUA NORBERTO COSTA, CENTRO, LUZINOPOLIS, TO, BRASIL",,,,
TO,MARIANOPOLIS DO TOCANTINS,UNIDADE DE SAUDE DE MARIANOPOLIS,AVENIDA ANTONIO NETO,S/N,CENTRO,"AVENIDA ANTONIO NETO, CENTRO, MARIANOPOLIS DO TOCANTINS, TO, BRASIL",,,,
TO,MARIANOPOLIS DO TOCANTINS,UNIDADE BASICA DE SAUDE MADRE PAULINA MARIANOPOLIS,RUA ANTONIO NETO,S/N,CENTRO,"RUA ANTONIO NETO, CENTRO, MARIANOPOLIS DO TOCANTINS, TO, BRASIL",,,,
TO,MATEIROS,CENTRO MUNICIPAL DE SAUDE CRISTO REI MATEIROS,RUA 14 LOTE 01 E 02 CENTRO DE MATEIROS TO,S/N,CENTRO,"RUA 14 LOTE 01 E 02 CENTRO DE MATEIROS TO, CENTRO, MATEIROS, TO, BRASIL",,,,
TO,MAURILANDIA DO TOCANTINS,UNIDADE BASICA DE SAUDE INDIGENA BOTICA,TO 126,S/N,ZONA RURAL,"TO 126, ZONA RURAL, MAURILANDIA DO TOCANTINS, TO, BRASIL",,,,
TO,MAURILANDIA DO TOCANTINS,UNIDADE BASICA DE SAUDE LUZIA PEREIRA DE MELO,AV SERTANEJA,S/N,CENTRO,"AV SERTANEJA, CENTRO, MAURILANDIA DO TOCANTINS, TO, BRASIL",,,,
TO,MAURILANDIA DO TOCANTINS,UNIDADE DE SAUDE DA FAMILIA FRANCISCO HERNANDES TORRECILHA,AV ULISSES GUIMARAES,100,CENTRO,"AV ULISSES GUIMARAES, CENTRO, MAURILANDIA DO TOCANTINS, TO, BRASIL",,,,
TO,MIRACEMA DO TOCANTINS,UNIDADE BASICA DE SAUDE CORRENTINHO MIRACEMA,AVENIDA GETULIO VARGAS,S/N,CORRENTIHO,"AVENIDA GETULIO VARGAS, CORRENTIHO, MIRACEMA DO TOCANTINS, TO, BRASIL",,,,
TO,MIRACEMA DO TOCANTINS,UNIDADE BASICA DE SAUDE DO SETOR UNIVERSITARIO MIRACEMA,AV SALOMAO TOMAS DE MATOS,S/N,SETOR UNIVERSITARIO,"AV SALOMAO TOMAS DE MATOS, SETOR UNIVERSITARIO, MIRACEMA DO TOCANTINS, TO, BRASIL",,,,
TO,MIRACEMA DO TOCANTINS,UNIDADE BASICA DE SAUDE JOAQUIM SARDINHA NETO DE MIRACEMA,ASSENTAMENTO PA BREJINHO,S/N,ZONA RURAL,"ASSENTAMENTO PA BREJINHO, ZONA RURAL, MIRACEMA DO TOCANTINS, TO, BRASIL",,,,
TO,MIRACEMA DO TOCANTINS,UNIDADE BASICA DE SAUDE ALAIDES NUNES DO AMARAL DE MIRACEMA,AVENIDA SALOMAO TOMAZ DE AMTOS,S/N,UNIVERSITARIO,"AVENIDA SALOMAO TOMAZ DE AMTOS, UNIVERSITARIO, MIRACEMA DO TOCANTINS, TO, BRASIL",,,,
TO,MIRACEMA DO TOCANTINS,UNIDADE BASICA DE SAUDE RAIMUNDO A BARBOSA DE MIRACEMA DO TO,RUA 05,S/N,SETOR NOVO HORIZONTE,"RUA 05, SETOR NOVO HORIZONTE, MIRACEMA DO TOCANTINS, TO, BRASIL",,,,
TO,MIRACEMA DO TOCANTINS,UNIDADE BASICA DE SAUDE SANTOS DUMONT MIRACEMA,RUA ELITE,504,SANTOS DUMONT,"RUA ELITE, SANTOS DUMONT, MIRACEMA DO TOCANTINS, TO, BRASIL",,,,
TO,MIRACEMA DO TOCANTINS,UNIDADE BASICA DE SAUDE SANTA FILOMENA MIRACEMA,RUA JUSTINIANO BORBA,S/N,SANTA FILOMENA,"RUA JUSTINIANO BORBA, SANTA FILOMENA, MIRACEMA DO TOCANTINS, TO, BRASIL",,,,
TO,MIRACEMA DO TOCANTINS,CENTRO DE SAUDE DR FRANKLYN AMORIM MIRACEMA,RUA BELA VISTA,1010,CENTRO,"RUA BELA VISTA, CENTRO, MIRACEMA DO TOCANTINS, TO, BRASIL",,,,
TO,MIRANORTE,UNIDADE BASICA DE SAUDE DA FAMILIA CENTRO,RUA 10 ESQ COM RUA JOSE A CARVALHO,224,CENTRO,"RUA 10 ESQ COM RUA JOSE A CARVALHO, CENTRO, MIRANORTE, TO, BRASIL",,,,
TO,MIRANORTE,UNIDADE BASICA DE SAUDE DA FAMILIA NOE LUZ CARVALHO,RUA 43,1700,SETOR SUL,"RUA 43, SETOR SUL, MIRANORTE, TO, BRASIL",,,,
TO,MIRANORTE,UNIDADE BASICA DE SAUDE DA FAMILIA VILA JAO,RUA MARANHAO,S/N,VILA JAO,"RUA MARANHAO, VILA JAO, MIRANORTE, TO, BRASIL",,,,
TO,MIRANORTE,UNIDADE BASICA DE SAUDE DA FAMILIA VILA MARIA,AVENIDA PRIMEIRA,S/N,VILA MARIA,"AVENIDA PRIMEIRA, VILA MARIA, MIRANORTE, TO, BRASIL",,,,
TO,MONTE DO CARMO,UBS MARIA EDITH PEREIRA AMARAL,AVENIDA SILVINO JOSE DO AMARAL,S/N,IPIRANGA,"AVENIDA SILVINO JOSE DO AMARAL, IPIRANGA, MONTE DO CARMO, TO, BRASIL",,,,
TO,MONTE DO CARMO,CENTRO DE SAUDE UNIDADE BASICA,RUA CONEGO TRINDADE,S/N,CENTRO,"RUA CONEGO TRINDADE, CENTRO, MONTE DO CARMO, TO, BRASIL",,,,
TO,MONTE SANTO DO TOCANTINS,UNIDADE BASICA DE SAUDE LUIZ PEREIRA LIRA,AVENIDA ANTONIO MALAQUIAS,S/N,CARLOS GOMES,"AVENIDA ANTONIO MALAQUIAS, CARLOS GOMES, MONTE SANTO DO TOCANTINS, TO, BRASIL",,,,
TO,MURICILANDIA,CENTRO DE SAUDE DE MURICILANDIA,AVENIDA GOIAS,S/N,CENTRO,"AVENIDA GOIAS, CENTRO, MURICILANDIA, TO, BRASIL",,,,
TO,NATIVIDADE,UNIDADE DE SUADE DA FAMILIA QUILOMBOLA,P A JACUBINHA,S/N,P A JACUBINHA,"P A JACUBINHA, P A JACUBINHA, NATIVIDADE, TO, BRASIL",,,,
TO,NATIVIDADE,UNIDADE DE SAUDE DA FAMILIA RIO MANOEL ALVES,DISTRITO DO PRINCIPE,S/N,DISTRITO DO PRINCIPE,"DISTRITO DO PRINCIPE, DISTRITO DO PRINCIPE, NATIVIDADE, TO, BRASIL",,,,
TO,NATIVIDADE,UNIDADE DE SAUDE FAMILIA SETOR SERRANO NATIVIDADE,RUA MAJOR VERISSIMO T DA MATA,S/N,ST SERRANO,"RUA MAJOR VERISSIMO T DA MATA, ST SERRANO, NATIVIDADE, TO, BRASIL",,,,
TO,NATIVIDADE,UNIDADE DE SAUDE DA FAMILIA SENHOR DO BOMFIM,SANTUARIO DO SENHOR DO BOMFIM,S/N,SANTUARIO DO SENHOR,"SANTUARIO DO SENHOR DO BOMFIM, SANTUARIO DO SENHOR, NATIVIDADE, TO, BRASIL",,,,
TO,NATIVIDADE,UNIDADE DE SAUDE DA FAMILIA MARIA DA PENHA LIRA,SETOR SUL,S/N,SETOR SUL,"SETOR SUL, SETOR SUL, NATIVIDADE, TO, BRASIL",,,,
TO,NATIVIDADE,UNIDADE DE SAUDE DA FAMILIA DIVINO ESPIRITO SANTO NATIVIDADE,RUA PREFEITO ODILARDO COSTA ARAUJO,S/N,SETOR GINASIAL,"RUA PREFEITO ODILARDO COSTA ARAUJO, SETOR GINASIAL, NATIVIDADE, TO, BRASIL",,,,
TO,NAZARE,ZILDA PEREIRA DE OLIVEIRA,AVENIDA GETULIO VARGAS,S/N,SAO FRANCISCO,"AVENIDA GETULIO VARGAS, SAO FRANCISCO, NAZARE, TO, BRASIL",,,,
TO,NAZARE,CENTRO DE SAUDE ANTONIO VIANA DE CARVALHO DE NAZARE TO,DISTRITO PIACAVA,S/N,ZONA RURAL,"DISTRITO PIACAVA, ZONA RURAL, NAZARE, TO, BRASIL",,,,
TO,NAZARE,POSTO DE SAUDE AMELIA MIRANDA COSTA DE NAZARE,POVOADO BREJINHO,S/N,ZONA RURAL,"POVOADO BREJINHO, ZONA RURAL, NAZARE, TO, BRASIL",,,,
TO,NOVA OLINDA,UNIDADE BASICA DE SAUDE FNS NOVA OLINDA,AV 31 DE MARCO,1450,CENTRO,"AV 31 DE MARCO, CENTRO, NOVA OLINDA, TO, BRASIL",,,,
TO,NOVA OLINDA,UNIDADE BASICA DE SAUDE DE NOVA OLINDA,RUA DEPUTADO JOSE DE ASSIS,921,CENTRO,"RUA DEPUTADO JOSE DE ASSIS, CENTRO, NOVA OLINDA, TO, BRASIL",,,,
TO,NOVA OLINDA,UNIDADE BASICA DE SAUDE VEREADOR JOSE PEDRO NETO,AVENIDA BERNARDO SAYAO,S/N,CENTRO,"AVENIDA BERNARDO SAYAO, CENTRO, NOVA OLINDA, TO, BRASIL",,,,
TO,NOVA ROSALANDIA,UNIDADE BASICA DE SAUDE MARIA SOCORRO GUIMARAES PEREIRA,RUA 22 DE ABRIL,S/N,CENTRO,"RUA 22 DE ABRIL, CENTRO, NOVA ROSALANDIA, TO, BRASIL",,,,
TO,NOVA ROSALANDIA,UNIDADE BASICA DE SAUDE RAIMUNDA PEREIRA DE CARVALHO,RUA 03 DE MAIO,1,CENTRO,"RUA 03 DE MAIO, CENTRO, NOVA ROSALANDIA, TO, BRASIL",,,,
TO,NOVO ACORDO,CENTRO DE SAUDE 24 HORAS,RUA 7 DE SETEMBRO,S/N,AEROPORTO,"RUA 7 DE SETEMBRO, AEROPORTO, NOVO ACORDO, TO, BRASIL",,,,
TO,NOVO ACORDO,UNIDADE BASICA DE SAUDE DE NOVO ACORDO,AVENIDA DO CAIS,735,CENTRO,"AVENIDA DO CAIS, CENTRO, NOVO ACORDO, TO, BRASIL",,,,
TO,NOVO ALEGRE,CENTRO MUNICIPAL DE SAUDE NOVO ALEGRE,AVN CASTELO BRANCO,S/N,CENTRO,"AVN CASTELO BRANCO, CENTRO, NOVO ALEGRE, TO, BRASIL",,,,
TO,NOVO JARDIM,UNIDADE DE SAUDE DA FAMILIA DE NOVO JARDIM,AV JOAO BATISTA CERQUEIRA,S/N,CENTRO,"AV JOAO BATISTA CERQUEIRA, CENTRO, NOVO JARDIM, TO, BRASIL",,,,
TO,OLIVEIRA DE FATIMA,UNIDADE BASICA DE SAUDE VALDEMIR PITOMBEIRA DA COSTA,AVENIDA JOAO VITORIO,S/N,CENTRO,"AVENIDA JOAO VITORIO, CENTRO, OLIVEIRA DE FATIMA, TO, BRASIL",,,,
TO,PALMAS,CENTRO DE SAUDE DA COMUNIDADE 403 NORTE,403 NORTE ALAMEDA 01 APM 40,S/N,PLANO DIRETOR NORTE,"403 NORTE ALAMEDA 01 APM 40, PLANO DIRETOR NORTE, PALMAS, TO, BRASIL",,,,
TO,PALMAS,CENTRO DE SAUDE DA COMUNIDADE 409 NORTE,409 NORTE AL 14 APM 08 PROX ESCOLA MESTRE PACIFIC,S/N,CENTRO,"409 NORTE AL 14 APM 08 PROX ESCOLA MESTRE PACIFIC, CENTRO, PALMAS, TO, BRASIL",,,,
TO,PALMAS,CENTRO DE SAUDE DA COMUNIDADE WALTERLY WAGNER JOSE RIBEIRO,TO 020 KM 08,S/N,ZONA RURAL,"TO 020 KM 08, ZONA RURAL, PALMAS, TO, BRASIL",,,,
TO,PALMAS,CENTRO DE SAUDE DA COMUNIDADE SANTA FE,SANTA FE II APM 01,S/N,VALE DO SOL AV TAQUA,"SANTA FE II APM 01, VALE DO SOL AV TAQUA, PALMAS, TO, BRASIL",,,,
TO,PALMAS,CENTRO DE SAUDE DA COMUNIDADE TAQUARI,QD T 31 APM 23 E 24,S/N,JARDIM TAQUARI,"QD T 31 APM 23 E 24, JARDIM TAQUARI, PALMAS, TO, BRASIL",,,,
TO,PALMAS,COSAU COORDENADORIA DE SAUDE TRIBUNAL DE CONTAS TO,AV TEOTONIO SEGURADO 102 N,S/N,CENTRO,"AV TEOTONIO SEGURADO 102 N, CENTRO, PALMAS, TO, BRASIL",,,,
TO,PALMAS,CENTRO DE SAUDE DA COMUNIDADE PROF ISABEL AULER,207 SUL ALAMEDA 04 APM 1,S/N,PLANO DIRETOR SUL,"207 SUL ALAMEDA 04 APM 1, PLANO DIRETOR SUL, PALMAS, TO, BRASIL",,,,
TO,PALMAS,CENTRO DE SAUDE DA COMUNIDADE SATILO ALVES DE SOUSA,1103 SUL AL 17 APM 13,S/N,CENTRO,"1103 SUL AL 17 APM 13, CENTRO, PALMAS, TO, BRASIL",,,,
TO,PALMAS,CENTRO DE SAUDE DA COMUNIDADE JOSE LUCIO DE CARVALHO,LAGO SUL APM 11 LT 03,S/N,LAGO SUL,"LAGO SUL APM 11 LT 03, LAGO SUL, PALMAS, TO, BRASIL",,,,
TO,PALMAS,CENTRO DE SAUDE DA COMUNIDADE 712 SUL,712 SUL ALAMEDA 02 APM 11A,S/N,CENTRO,"712 SUL ALAMEDA 02 APM 11A, CENTRO, PALMAS, TO, BRASIL",,,,
TO,PALMAS,CENTRO DE SAUDE DA COMUNIDADE JOSE HERMES RODRIGUES DAMASO,RUA SO 3 APM 1 SETOR SUL PROX AO DETRAN,S/N,SETOR SUL,"RUA SO 3 APM 1 SETOR SUL PROX AO DETRAN, SETOR SUL, PALMAS, TO, BRASIL",,,,
TO,PALMAS,CENTRO DE SAUDE DA COMUNIDADE 508 NORTE,508 NORTE ALAMEDA 11 APM 49,S/N,CENTRO,"508 NORTE ALAMEDA 11 APM 49, CENTRO, PALMAS, TO, BRASIL",,,,
TO,PALMAS,CENTRO DE SAUDE DA COMUNIDADE NOVO HORIZONTE,APM 07 LT 01,S/N,NOVO HORIZONTE,"APM 07 LT 01, NOVO HORIZONTE, PALMAS, TO, BRASIL",,,,
TO,PALMAS,CENTRO DE SAUDE DA COMUNIDADE 405 NORTE,QUADRA 405 NORTE AL 01 APM 10,S/N,PLANO DIRETOR NORTE,"QUADRA 405 NORTE AL 01 APM 10, PLANO DIRETOR NORTE, PALMAS, TO, BRASIL",,,,
TO,PALMAS,CENTRO DE SAUDE DA COMUNIDADE 603 NORTE,603 NORTE ALAMEDA 14 LOTE 27,S/N,CENTRO,"603 NORTE ALAMEDA 14 LOTE 27, CENTRO, PALMAS, TO, BRASIL",,,,
TO,PALMAS,EQUIPE DE ATENCAO A SAUDE NO SISTEMA PENITENCIARIO DE PALMAS,PLANO DIRETOR EXPANSAO SUL,77061002,ZONA RURAL,"PLANO DIRETOR EXPANSAO SUL, ZONA RURAL, PALMAS, TO, BRASIL",,,,
TO,PALMAS,CENTRO DE SAUDE DA COMUNIDADE LIBERDADE,AURENY III APM 10,S/N,AURENY III,"AURENY III APM 10, AURENY III, PALMAS, TO, BRASIL",,,,
TO,PALMAS,CENTRO DE SAUDE DA COMUNIDADE 108 SUL,108 SUL ALAMEDA 02 LOTE 05,S/N,CENTRO,"108 SUL ALAMEDA 02 LOTE 05, CENTRO, PALMAS, TO, BRASIL",,,,
TO,PALMAS,CENTRO DE SAUDE DA COMUNIDADE MARIAZINHA RODRIGUES DA SILVA,RUA DONATO PEREIRA DA SILVA AI 32,S/N,BURITIRAMA,"RUA DONATO PEREIRA DA SILVA AI 32, BURITIRAMA, PALMAS, TO, BRASIL",,,,
TO,PALMAS,CENTRO DE SAUDE DA COMUNIDADE LOIANE MORENO VIEIRA,210 SUL AL 07 APM 07,S/N,CENTRO,"210 SUL AL 07 APM 07, CENTRO, PALMAS, TO, BRASIL",,,,
TO,PALMAS,CENTRO DE SAUDE DA COMUNIDADE EUGENIO PINHEIRO DA SILVA,RUA NATAL APM NW 01 G,S/N,JARDIM AURENY I,"RUA NATAL APM NW 01 G, JARDIM AURENY I, PALMAS, TO, BRASIL",,,,
TO,PALMAS,CENTRO DE SAUDE DA COMUNIDADE VALERIA MARTINS PEREIRA,1206 SUL APM 03,S/N,CENTRO,"1206 SUL APM 03, CENTRO, PALMAS, TO, BRASIL",,,,
TO,PALMAS,CENTRO DE SAUDE DA COMUNIDADE 806 SUL,806 SUL AL 03 APM 19,S/N,PLANO DIRETOR SUL,"806 SUL AL 03 APM 19, PLANO DIRETOR SUL, PALMAS, TO, BRASIL",,,,
TO,PALMAS,CENTRO DE SAUDE DA COMUNIDADE 1304 SUL,1304 SUL RUA 11 APM 23F E 23G,S/N,PLANO DIRETOR SUL,"1304 SUL RUA 11 APM 23F E 23G, PLANO DIRETOR SUL, PALMAS, TO, BRASIL",,,,
TO,PALMAS,CENTRO DE SAUDE DA COMUNIDADE WALTER PEREIRA MORATO,QD 26 LOTE 1,S/N,TAQUARUSSU,"QD 26 LOTE 1, TAQUARUSSU, PALMAS, TO, BRASIL",,,,
TO,PALMAS,CENTRO DE SAUDE DA COMUNIDADE SANTA BARBARA,APM 09 ESQUINA DA AV CONTORNO C RUA 15,S/N,SANTA BARBARA,"APM 09 ESQUINA DA AV CONTORNO C RUA 15, SANTA BARBARA, PALMAS, TO, BRASIL",,,,
TO,PALMAS,CENTRO DE SAUDE DA COMUNIDADE LAURIDES LIMA MILHOMEM,RUA 39 APM 21,S/N,AURENY III,"RUA 39 APM 21, AURENY III, PALMAS, TO, BRASIL",,,,
TO,PALMAS,CENTRO DE SAUDE DA COMUNIDADE JOSE LUIZ OTAVIANI,307 NORTE AL 09 APM 12,S/N,PLANO DIRETOR NORTE,"307 NORTE AL 09 APM 12, PLANO DIRETOR NORTE, PALMAS, TO, BRASIL",,,,
TO,PALMAS,CENTRO DE SAUDE DA COMUNIDADE ALBERTINO SANTOS,QUADRA 1004 SUL AL11 AI 09D,S/N,PLANO DIRETOR SUL,"QUADRA 1004 SUL AL11 AI 09D, PLANO DIRETOR SUL, PALMAS, TO, BRASIL",,,,
TO,PALMAS,CENTRO DE SAUDE DA COMUNIDADE BELA VISTA,APM H RUA NC 11 QD 33,S/N,CENTRO,"APM H RUA NC 11 QD 33, CENTRO, PALMAS, TO, BRASIL",,,,
TO,PALMAS,CENTRO DE SAUDE DA COMUNIDADE ALTO BONITO,RUA 20 APM 09,S/N,AURENY IV,"RUA 20 APM 09, AURENY IV, PALMAS, TO, BRASIL",,,,
TO,PALMAS,CENTRO DE SAUDE DA COMUNIDADE 406 NORTE,406 NORTE ALAMEDA 03 APM 09,S/N,CENTRO,"406 NORTE ALAMEDA 03 APM 09, CENTRO, PALMAS, TO, BRASIL",,,,
TO,PALMAS,CENTRO DE SAUDE DA COMUNIDADE MORADA DO SOL,RUA MS 02 QD 54 A LOTE 01,S/N,TAQUARALTO,"RUA MS 02 QD 54 A LOTE 01, TAQUARALTO, PALMAS, TO, BRASIL",,,,
TO,PALMAS,CENTRO DE SAUDE DA COMUNIDADE 503 NORTE,503 NORTE AV NS 05 APM 19,S/N,PLANO DIRETOR NORTE,"503 NORTE AV NS 05 APM 19, PLANO DIRETOR NORTE, PALMAS, TO, BRASIL",,,,
TO,PALMAS,CENTRO DE SAUDE DA COMUNIDADE AURENY II,QD 33 LOTES 01 E 02,S/N,AURENY II,"QD 33 LOTES 01 E 02, AURENY II, PALMAS, TO, BRASIL",,,,
TO,PALMAS,CENTRO DE SAUDE DA COMUNIDADE FRANCISCO JUNIOR,403 SUL AL 01 APM 02,6,PLANO DIRETOR SUL,"403 SUL AL 01 APM 02, PLANO DIRETOR SUL, PALMAS, TO, BRASIL",,,,
TO,PALMEIRANTE,UNIDADE DE SAUDE DA FAMILIA DE PALMEIRANTE,RUA SETE DE SETEMBRO,S/N,CENTRO,"RUA SETE DE SETEMBRO, CENTRO, PALMEIRANTE, TO, BRASIL",,,,
TO,PALMEIRAS DO TOCANTINS,CENTRO MUNICIPAL DE SAUDE DE PALMEIRAS,PRACA DA IGREJA,S/N,CENTRO,"PRACA DA IGREJA, CENTRO, PALMEIRAS DO TOCANTINS, TO, BRASIL",,,,
TO,PALMEIROPOLIS,UNIDADE BASICA DE SAUDE SETOR BOM TEMPO,RUA C QD 10 LT 06,S/N,SETOR BOM TEMPO,"RUA C QD 10 LT 06, SETOR BOM TEMPO, PALMEIROPOLIS, TO, BRASIL",,,,
TO,PALMEIROPOLIS,UNIDADE BASICA SAUDE DR MARIO JOSE ROMAO,RUA DEZESSETE,S/N,ALTO DA BOA VISTA,"RUA DEZESSETE, ALTO DA BOA VISTA, PALMEIROPOLIS, TO, BRASIL",,,,
TO,PALMEIROPOLIS,UNIDADE BASICA DE SAUDE ELENA MARIA BORGES,AVENIDA CONTORNO,550,CENTRO,"AVENIDA CONTORNO, CENTRO, PALMEIROPOLIS, TO, BRASIL",,,,
TO,PARAISO DO TOCANTINS,UNIDADE BASICA DE SAUDE BEATRIZ MEDEIROS PARAISO,RUA LAURA ESQ COM A RUA SAO BENEDITO,S/N,VILA CHAPADAO,"RUA LAURA ESQ COM A RUA SAO BENEDITO, VILA CHAPADAO, PARAISO DO TOCANTINS, TO, BRASIL",,,,
TO,PARAISO DO TOCANTINS,UNIDADE BASICA DE SAUDE VILA MILENA ENF DECA PARAISO,RUA 2 03 11 AREA PUBLICA MUNICIPAL,S/N,VILA MILENA,"RUA 2 03 11 AREA PUBLICA MUNICIPAL, VILA MILENA, PARAISO DO TOCANTINS, TO, BRASIL",,,,
TO,PARAISO DO TOCANTINS,UNIDADE BASICA DE SAUDE ARACI AIRES PARENTE PARAISO,RUA SANTOS DUMONT,209,CENTRO,"RUA SANTOS DUMONT, CENTRO, PARAISO DO TOCANTINS, TO, BRASIL",-10.1780912,-48.883372,"Rua Santos Dumont, Bela Vista, Paraíso do Tocantins, Região Geográfica Imediata de Paraíso do Tocantins, Região Geográfica Intermediária de Palmas, Tocantins, Região Norte, 77600-000, Brasil","10 10m 41.1283s S, 48 53m 0.1392s W"
TO,PARAISO DO TOCANTINS,UNIDADE BASICA DE SAUDE URSULINO COSTA PARAISO,RUA BERNADINO MACIEL,2523,SETOR AEROPORTO,"RUA BERNADINO MACIEL, SETOR AEROPORTO, PARAISO DO TOCANTINS, TO, BRASIL",,,,
TO,PARAISO DO TOCANTINS,UNIDADE BASICA DE SAUDE CLOVIS CARNEIRO CAMPOS PARAISO,AV BRASIL,985,VILA REGINA,"AV BRASIL, VILA REGINA, PARAISO DO TOCANTINS, TO, BRASIL",-10.1947523,-48.9025943,"Avenida Brasil, Nova Esperança, Paraíso do Tocantins, Região Geográfica Imediata de Paraíso do Tocantins, Região Geográfica Intermediária de Palmas, Tocantins, Região Norte, 77600-000, Brasil","10 11m 41.1083s S, 48 54m 9.33948s W"
TO,PARAISO DO TOCANTINS,UNIDADE BASICA DE SAUDE GENTIL COSTA PARAISO,RUA L 14 ESQUINA COM L 24,S/N,SETOR INTERLAGOS,"RUA L 14 ESQUINA COM L 24, SETOR INTERLAGOS, PARAISO DO TOCANTINS, TO, BRASIL",,,,
TO,PARAISO DO TOCANTINS,UNIDADE BASICA DE SAUDE WILFRAN MARINHO FERREIRA PARAISO,RUA DOM PEDRO II QD 151 LT10,555,JARDIM PAULISTA,"RUA DOM PEDRO II QD 151 LT10, JARDIM PAULISTA, PARAISO DO TOCANTINS, TO, BRASIL",,,,
TO,PARAISO DO TOCANTINS,UNIDADE BASICA DE SAUDE MOACIR DA PAIXAO PARAISO,RUA DELIO DE OLIVEIRA MORAES,S/N,SANTA CLARA,"RUA DELIO DE OLIVEIRA MORAES, SANTA CLARA, PARAISO DO TOCANTINS, TO, BRASIL",,,,
TO,PARAISO DO TOCANTINS,UNIDADE BASICA DE SAUDE DONA JUCENEUZA PARAISO,AVENIDA 23 DE OUTUBRO,S/N,POUSO ALEGRE,"AVENIDA 23 DE OUTUBRO, POUSO ALEGRE, PARAISO DO TOCANTINS, TO, BRASIL",-10.1963366,-48.8932059,"Avenida 23 de Outubro, Setor Sul, Pouso Alegre, Paraíso do Tocantins, Região Geográfica Imediata de Paraíso do Tocantins, Região Geográfica Intermediária de Palmas, Tocantins, Região Norte, 77600-000, Brasil","10 11m 46.8118s S, 48 53m 35.5412s W"
TO,PARANA,POSTO DE SAUDE DISTRITO BOM JESUS DA PALMA PARANA,POVOADO BOM JESUS DA PALMA,S/N,ZONA RURAL,"POVOADO BOM JESUS DA PALMA, ZONA RURAL, PARANA, TO, BRASIL",,,,
TO,PARANA,CENTRO MUNICIPAL DE SAUDE,PRACA PADRE PEDROCILIO SILVA GUEDES,S/N,CENTRO,"PRACA PADRE PEDROCILIO SILVA GUEDES, CENTRO, PARANA, TO, BRASIL",,,,
TO,PARANA,POSTO DE SAUDE VILA NOVA,AV C LOT 01,S/N,VILA NOVA,"AV C LOT 01, VILA NOVA, PARANA, TO, BRASIL",,,,
TO,PARANA,POSTO DE SAUDE POVOADO TIGRE PARANA,POVOADO TIGRE,S/N,ZONA RURAL,"POVOADO TIGRE, ZONA RURAL, PARANA, TO, BRASIL",,,,
TO,PARANA,POSTO DE SAUDE CAMPO ALEGRE DE PARANA,POVOADO CAMPO ALEGRE,210,ZONA RURAL,"POVOADO CAMPO ALEGRE, ZONA RURAL, PARANA, TO, BRASIL",,,,
TO,PAU D'ARCO,UNIDADE DE SAUDE DA FAMILIA PAU DARCO,RUA MESSIAS COSTA,1521,CENTRO,"RUA MESSIAS COSTA, CENTRO, PAU D'ARCO, TO, BRASIL",,,,
TO,PEDRO AFONSO,U B S II DR PEDRO ZANINA,RUA 01,S/N,SETOR BELA VISTA II,"RUA 01, SETOR BELA VISTA II, PEDRO AFONSO, TO, BRASIL",,,,
TO,PEDRO AFONSO,U B S I TENENTE SALUSTIANO LEANDRO DE OLIVEIRA,PRACA LUIS ROCHA,449,CENTRO,"PRACA LUIS ROCHA, CENTRO, PEDRO AFONSO, TO, BRASIL",,,,
TO,PEDRO AFONSO,POSTO DE SAUDE FRANCISCO CARLOS DOS SANTOS,POVOADO AGROVILA BOM TEMPO,S/N,RURAL,"POVOADO AGROVILA BOM TEMPO, RURAL, PEDRO AFONSO, TO, BRASIL",,,,
TO,PEDRO AFONSO,UNIDADE BASICA DE SAUDE MARIA CLARA BRASIL DE CARVALHO,RUA 13,S/N,ANTONIO JOAQUIM PIRE,"RUA 13, ANTONIO JOAQUIM PIRE, PEDRO AFONSO, TO, BRASIL",,,,
TO,PEIXE,UNIDADE DE SAUDE SETOR AEROPORTO PEIXE,RUA 21 QD 07 LT 18 19 E 20 LOT SANTO ANTONIO,S/N,SETOR AEROPORTO,"RUA 21 QD 07 LT 18 19 E 20 LOT SANTO ANTONIO, SETOR AEROPORTO, PEIXE, TO, BRASIL",,,,
TO,PEIXE,UNIDADE DE SAUDE DA FAMILIA VILA SAO MIGUEL,VILA SAO MIGUEL,S/N,ZONA RURAL,"VILA SAO MIGUEL, ZONA RURAL, PEIXE, TO, BRASIL",,,,
TO,PEIXE,UNIDADE DE SAUDE DA FAMILIA VILA QUIXABA,AV TOCANTINS QD 18 LT 07,S/N,CENTRO,"AV TOCANTINS QD 18 LT 07, CENTRO, PEIXE, TO, BRASIL",,,,
TO,PEIXE,UNIDADE DE SAUDE DA FAMILIA SAO JOSE,AVENIDA DOM ALANO,S/N,VILA SAO JOSE,"AVENIDA DOM ALANO, VILA SAO JOSE, PEIXE, TO, BRASIL",,,,
TO,PEQUIZEIRO,UNIDADE DE SAUDE DA FAMILIA E PRONTO ATEND DE PEQUIZEIRO,AV SAO PAULO,S/N,SETOR AEROPORTO,"AV SAO PAULO, SETOR AEROPORTO, PEQUIZEIRO, TO, BRASIL",,,,
TO,PEQUIZEIRO,POSTO DE SAUDE PA JUARI,PA JUARI,S/N,ZONA RURAL,"PA JUARI, ZONA RURAL, PEQUIZEIRO, TO, BRASIL",,,,
TO,PEQUIZEIRO,UNIDADE DE SAUDE DA FAMILIA ZONA RURAL,AVENIDA IMPERATRIZ,S/N,CENTRO,"AVENIDA IMPERATRIZ, CENTRO, PEQUIZEIRO, TO, BRASIL",,,,
TO,PINDORAMA DO TOCANTINS,UBS ZEFERINO RIBEIRO DE BRAS,RUA LINO CESARIO,S/N,CENTRO,"RUA LINO CESARIO, CENTRO, PINDORAMA DO TOCANTINS, TO, BRASIL",,,,
TO,PIRAQUE,CENTRO DE SAUDE PIRAQUE,RUA PADRE ANTONIO,620,CENTRO,"RUA PADRE ANTONIO, CENTRO, PIRAQUE, TO, BRASIL",,,,
TO,PIUM,UNIDADE BASICA DE SAUDE DE PIUM,RUA 14,100,CENTRO,"RUA 14, CENTRO, PIUM, TO, BRASIL",,,,
TO,PIUM,POSTO DE SAUDE DR JOAO FELIX CUNHA PIUM,POVOADO CAFE DA ROCA,S/N,ZONA RURAL,"POVOADO CAFE DA ROCA, ZONA RURAL, PIUM, TO, BRASIL",,,,
TO,PIUM,U B S F MARIO GOMES DE PIUM,RUA GENESIO BARROS,S/N,CHAO DE ESTRELA,"RUA GENESIO BARROS, CHAO DE ESTRELA, PIUM, TO, BRASIL",,,,
TO,PONTE ALTA DO BOM JESUS,CENTRO MUNICIPAL DE SAUDE MAE INOCENCIA P ALTA DO BOM JESUS,PRACA VALDEMAR CARLOS DE FRANCA,S/N,CENTRO,"PRACA VALDEMAR CARLOS DE FRANCA, CENTRO, PONTE ALTA DO BOM JESUS, TO, BRASIL",-12.0903633,-46.479541093409736,"Praça Valdemar Carlos de França, Centro, Ponte Alta do Bom Jesus, Região Geográfica Imediata de Dianópolis, Região Geográfica Intermediária de Gurupi, Tocantins, Região Norte, Brasil","12 5m 25.3079s S, 46 28m 46.3479s W"
TO,PONTE ALTA DO TOCANTINS,UNIDADE DE SAUDE DA FAMILIA VALMIRA PEREIRA REGO,AVENIDA DOS LAVRADORES,1,SETOR AEROPORTO,"AVENIDA DOS LAVRADORES, SETOR AEROPORTO, PONTE ALTA DO TOCANTINS, TO, BRASIL",,,,
TO,PORTO ALEGRE DO TOCANTINS,CENTRO DE SAUDE UNIDADE BASICA DE PORTO ALEGRE,RUA RUI BARBOSA,S/N,SETOR ALTO DA GLORIA,"RUA RUI BARBOSA, SETOR ALTO DA GLORIA, PORTO ALEGRE DO TOCANTINS, TO, BRASIL",,,,
TO,PORTO NACIONAL,UNIDADE DE SAUDE ESCOLA BRASIL PORTO NACIONAL,RUA 15 DE NOVEMBRO,S/N,POVOADO ESCOLA BRASI,"RUA 15 DE NOVEMBRO, POVOADO ESCOLA BRASI, PORTO NACIONAL, TO, BRASIL",,,,
TO,PORTO NACIONAL,UNIDADE DE SAUDE ALTO DA COLINA P NACIONAL,RUA L 04,217,ALTO DA COLINA,"RUA L 04, ALTO DA COLINA, PORTO NACIONAL, TO, BRASIL",,,,
TO,PORTO NACIONAL,UNIDADE DE SAUDE PINHEIROPOLIS PORTO NACIONAL,POVOADO DE PINHEIROPOLIS,S/N,ZONA RURAL,"POVOADO DE PINHEIROPOLIS, ZONA RURAL, PORTO NACIONAL, TO, BRASIL",,,,
TO,PORTO NACIONAL,SERVICO AMBULATORIAL ESPECIALIZADO,AREA PUBLICA ENTRE AS RUAS 7 E 32,S/N,PORTO REAL,"AREA PUBLICA ENTRE AS RUAS 7 E 32, PORTO REAL, PORTO NACIONAL, TO, BRASIL",,,,
TO,PORTO NACIONAL,UNIDADE BASICA DE SAUDE PORTAL DO LAGO,AVENIDA 01,2,PORTAL DO LAGO LUZIM,"AVENIDA 01, PORTAL DO LAGO LUZIM, PORTO NACIONAL, TO, BRASIL",,,,
TO,PORTO NACIONAL,CENTRO DE SAUDE UNIDADE BASICA LUZIMANGUES PORTO NACIONAL,AV PRINCIPAL,S/N,LUZIMANGUES,"AV PRINCIPAL, LUZIMANGUES, PORTO NACIONAL, TO, BRASIL",,,,
TO,PORTO NACIONAL,USF MARIA DA CONCEICAO F MOURA AIRES DE PORTO NACIONAL,RUA MARIA ANGELICA DA SILVA PRADO,S/N,NOVA CAPITAL,"RUA MARIA ANGELICA DA SILVA PRADO, NOVA CAPITAL, PORTO NACIONAL, TO, BRASIL",,,,
TO,PORTO NACIONAL,UBS ISADORA CHAVES MOURA,AVENIDA PERIMETRAL NORTE,S/N,VILA OPERARIA,"AVENIDA PERIMETRAL NORTE, VILA OPERARIA, PORTO NACIONAL, TO, BRASIL",,,,
TO,PORTO NACIONAL,USF BLANDINA DE O NEGRE PORTO NACIONAL,AV NOVA FATIMA,S/N,JD QUERIDO,"AV NOVA FATIMA, JD QUERIDO, PORTO NACIONAL, TO, BRASIL",,,,
TO,PORTO NACIONAL,UBS MARIA DA CONCEICAO PEREIRA DA SILVA CEICA,AV LUIZ LEITE RIBEIRO,S/N,SETOR AEROPORTO,"AV LUIZ LEITE RIBEIRO, SETOR AEROPORTO, PORTO NACIONAL, TO, BRASIL",,,,
TO,PORTO NACIONAL,UBS VIVIANE PEDREIRA,AV NACOES UNIDAS,S/N,VILA NOVA,"AV NACOES UNIDAS, VILA NOVA, PORTO NACIONAL, TO, BRASIL",,,,
TO,PORTO NACIONAL,USF BRIGADEIRO EDUARDO GOMES PORTO NACIONAL,AV E,S/N,BRIG EDUARDO GOMES,"AV E, BRIG EDUARDO GOMES, PORTO NACIONAL, TO, BRASIL",,,,
TO,PORTO NACIONAL,UNIDADE DE SAUDE DR CARLOS A FERREIRA REIS P NACIONAL,VIELA 01,S/N,VILA NOVA,"VIELA 01, VILA NOVA, PORTO NACIONAL, TO, BRASIL",,,,
TO,PORTO NACIONAL,USF MARIA LOPES PORTO NACIONAL,RUA 05 QD 241,S/N,PORTO IMPERIAL,"RUA 05 QD 241, PORTO IMPERIAL, PORTO NACIONAL, TO, BRASIL",,,,
TO,PORTO NACIONAL,UNIDADE DE SAUDE MAE EUGENIA PORTO NACIONAL,AV ALICE AIRES DE SOUZA,S/N,JD BRASILIA,"AV ALICE AIRES DE SOUZA, JD BRASILIA, PORTO NACIONAL, TO, BRASIL",,,,
TO,PORTO NACIONAL,USF EUDOXIA DE OLIVEIRA NEGRE,AV GUANABARA,S/N,NOVO PLANALTO,"AV GUANABARA, NOVO PLANALTO, PORTO NACIONAL, TO, BRASIL",,,,
TO,PORTO NACIONAL,USF NANA PRADO C SOUZA P NACIONAL,RU PONTE ALTA,S/N,JD MUNICIPAL,"RU PONTE ALTA, JD MUNICIPAL, PORTO NACIONAL, TO, BRASIL",,,,
TO,PRAIA NORTE,UNIDADE BASICA DE SAUDE DA FAMILIA II,RUA SANTO ANTONIO,22,CENTRO,"RUA SANTO ANTONIO, CENTRO, PRAIA NORTE, TO, BRASIL",,,,
TO,PRAIA NORTE,UNIDADE BASICA DE SAUDE DA FAMILIA I,RUA DOM PEDRO II,89,CENTRO,"RUA DOM PEDRO II, CENTRO, PRAIA NORTE, TO, BRASIL",,,,
TO,PRAIA NORTE,POSTO DE SAUDE ANTONIA MOTA,RUA DO COMERCIO,S/N,POVOADO SAO FELIX,"RUA DO COMERCIO, POVOADO SAO FELIX, PRAIA NORTE, TO, BRASIL",,,,
TO,PRAIA NORTE,POSTO DE SAUDE MARIA COSTA DA SILVA,POVOADO MOACIR,S/N,POVOADO MOACIR,"POVOADO MOACIR, POVOADO MOACIR, PRAIA NORTE, TO, BRASIL",,,,
TO,PRAIA NORTE,POSTO DE SAUDE IRACY BARROS DA SILVA,RUA PRINCIPAL,S/N,POVOADO CAMARAO,"RUA PRINCIPAL, POVOADO CAMARAO, PRAIA NORTE, TO, BRASIL",,,,
TO,PRAIA NORTE,UNIDADE DE SAUDE RAIMUNDO MARINHO ARAUJO,POVOADO JATOBAL,0,ZONA RURAL,"POVOADO JATOBAL, ZONA RURAL, PRAIA NORTE, TO, BRASIL",,,,
TO,PRESIDENTE KENNEDY,UNIDADE BASICA DE SAUDE ROZIRES COELHO DA COSTA,RUA MANOEL BATISTA FERREIRA,S/N,CENTRO,"RUA MANOEL BATISTA FERREIRA, CENTRO, PRESIDENTE KENNEDY, TO, BRASIL",,,,
TO,PUGMIL,UNIDADE BASICA DE SAUDE DE PUGMIL,RUA GOIAS ESQ COM A PARA Q 19 L 06,S/N,CENTRO,"RUA GOIAS ESQ COM A PARA Q 19 L 06, CENTRO, PUGMIL, TO, BRASIL",,,,
TO,RECURSOLANDIA,U B DE S AUDE ALQUINO GOMES DA SILVA DE RECURSOLANDIA,RUA TOCANTINS,S/N,CENTRO,"RUA TOCANTINS, CENTRO, RECURSOLANDIA, TO, BRASIL",,,,
TO,RIACHINHO,UNIDADE DE SAUDE DA FAMILIA DE RIACHINHO,AV JERUSALEM,S/N,CENTRO,"AV JERUSALEM, CENTRO, RIACHINHO, TO, BRASIL",,,,
TO,RIACHINHO,CENTRO DE SAUDE DE RIACHINHO,AVENIDA VICENTE BORGES,S/N,ZONA RURAL,"AVENIDA VICENTE BORGES, ZONA RURAL, RIACHINHO, TO, BRASIL",,,,
TO,RIO DA CONCEICAO,UNIDADE DE SAUDE DA FAMILIA DE RIO DA CONCEICAO,RUA DOS POVOAS,S/N,CENTRO,"RUA DOS POVOAS, CENTRO, RIO DA CONCEICAO, TO, BRASIL",,,,
TO,RIO DOS BOIS,UBS MAE SABINA ARAUJO SILVA DE RIO DOS BOIS,AV SENADOR QUEIROZ COM RUA 03 QD 0 LT 0,0,SETOR JABAQUARA,"AV SENADOR QUEIROZ COM RUA 03 QD 0 LT 0, SETOR JABAQUARA, RIO DOS BOIS, TO, BRASIL",,,,
TO,RIO DOS BOIS,CENTRO DE SAUDE DE RIO DOS BOIS,AV RAIMUNDO BRITANIA,34,CENTRO,"AV RAIMUNDO BRITANIA, CENTRO, RIO DOS BOIS, TO, BRASIL",,,,
TO,RIO SONO,U B S NOSSA SENHORA DE FATIMA DE RIO SONO,RUA 2,200,SETOR NOVO HORIZONTE,"RUA 2, SETOR NOVO HORIZONTE, RIO SONO, TO, BRASIL",,,,
TO,RIO SONO,UNIDADE DE SAUDE DA FAMILIA DE RIO SONO,AV 7 DE SETEMBRO,281,NOVO HORIZONTE,"AV 7 DE SETEMBRO, NOVO HORIZONTE, RIO SONO, TO, BRASIL",,,,
TO,RIO SONO,POSTO DE SAUDE DONA MADALENA BEZERRA,AVENIDA PRINCIPAL,S/N,POVOADO DE BREJO FUN,"AVENIDA PRINCIPAL, POVOADO DE BREJO FUN, RIO SONO, TO, BRASIL",,,,
TO,RIO SONO,POSTO DE SAUDE DE RIO SONO,RUA 04 ESQUINA COM ALAMEDA DO BOSQUE,S/N,PIONEIRO,"RUA 04 ESQUINA COM ALAMEDA DO BOSQUE, PIONEIRO, RIO SONO, TO, BRASIL",,,,
TO,RIO SONO,POSTO DE SAUDE JOAO BARBOSA DOS SANTOS,POVOADO MANSINHA,S/N,ZONA RURAL,"POVOADO MANSINHA, ZONA RURAL, RIO SONO, TO, BRASIL",,,,
TO,SAMPAIO,CENTRO MUNICIPAL DE SAUDE,RUA MANOEL MATOS,S/N,CENTRO,"RUA MANOEL MATOS, CENTRO, SAMPAIO, TO, BRASIL",,,,
TO,SANDOLANDIA,UNIDADE BASICA DE SAUDE DE SANDOLANDIA,RUA ACIOLI DA SILVA BARROS,S/N,CENTRO,"RUA ACIOLI DA SILVA BARROS, CENTRO, SANDOLANDIA, TO, BRASIL",,,,
TO,SANTA FE DO ARAGUAIA,POSTO DE SAUDE PORTO LEMOS SANTA FE DO ARAGUAIA,AV ARAGUAIA,S/N,CENTRO,"AV ARAGUAIA, CENTRO, SANTA FE DO ARAGUAIA, TO, BRASIL",,,,
TO,SANTA FE DO ARAGUAIA,UNIDADE BASICA SAUDE ROSIMAR RESPLANDES ST FE DO ARAGUAIA,AVENIDA TOCANTINS,S/N,POVOADO COCALIM,"AVENIDA TOCANTINS, POVOADO COCALIM, SANTA FE DO ARAGUAIA, TO, BRASIL",,,,
TO,SANTA FE DO ARAGUAIA,CENTRO DE SAUDE MARIA BETANIA SANTA FE DO ARAGUAIA,RUA JOAO DE SOUZA LIMA,S/N,CENTRO,"RUA JOAO DE SOUZA LIMA, CENTRO, SANTA FE DO ARAGUAIA, TO, BRASIL",,,,
TO,SANTA MARIA DO TOCANTINS,CENTRO DE SAUDE BENEDITO BOTELHO SANTA MARIA,AVENIDA FRANCISCO DE ASSIS,S/N,CENTRO,"AVENIDA FRANCISCO DE ASSIS, CENTRO, SANTA MARIA DO TOCANTINS, TO, BRASIL",,,,
TO,SANTA RITA DO TOCANTINS,UNIDADE BASICA DE SAUDE TEREZINHA DE JESUS STA RITA,AVN TOCANTINS,150,CENTRO,"AVN TOCANTINS, CENTRO, SANTA RITA DO TOCANTINS, TO, BRASIL",,,,
TO,SANTA ROSA DO TOCANTINS,POSTO DE SAUDE CRISPIM A SANTANA SANTA ROSA,DISTRITO DE CANGAS,S/N,ZONA RURAL,"DISTRITO DE CANGAS, ZONA RURAL, SANTA ROSA DO TOCANTINS, TO, BRASIL",,,,
TO,SANTA ROSA DO TOCANTINS,UNIDADE DE SAUDE DA FAMILIA DE SANTA ROSA DO TOCANTINS,RUA SATURNINO DE SENA FERREIRA,S/N,CENTRO,"RUA SATURNINO DE SENA FERREIRA, CENTRO, SANTA ROSA DO TOCANTINS, TO, BRASIL",,,,
TO,SANTA ROSA DO TOCANTINS,POSTO DE SAUDE MORRO DE S JOAO STA ROSA,DISTRITO DE MORRO DE SAO JOAO,S/N,ZONA RURAL,"DISTRITO DE MORRO DE SAO JOAO, ZONA RURAL, SANTA ROSA DO TOCANTINS, TO, BRASIL",,,,
TO,SANTA TEREZA DO TOCANTINS,UNIDADE DE SAUDE DA FAMILIA JOSE DE SOUSA DOURADO,RUA SAO PAULO,S/N,CENTRO,"RUA SAO PAULO, CENTRO, SANTA TEREZA DO TOCANTINS, TO, BRASIL",,,,
TO,SANTA TEREZINHA DO TOCANTINS,CENTRO MUNICIPAL DE SAUDE MAE PETA,AVENIDA ARAGUAIA,S/N,CENTRO,"AVENIDA ARAGUAIA, CENTRO, SANTA TEREZINHA DO TOCANTINS, TO, BRASIL",,,,
TO,SAO BENTO DO TOCANTINS,UNIDADE BASICA DE SAUDE DE SAO BENTO,RUA BETEL,S/N,CENTRO,"RUA BETEL, CENTRO, SAO BENTO DO TOCANTINS, TO, BRASIL",,,,
TO,SAO BENTO DO TOCANTINS,POSTO DE SAUDE HILDA NEVES SAO BENTO DO TOCANTINS,PA VINICIUS,S/N,ZONA RURAL,"PA VINICIUS, ZONA RURAL, SAO BENTO DO TOCANTINS, TO, BRASIL",,,,
TO,SAO BENTO DO TOCANTINS,PRONTO ATENDIMENTO SAO BENTO,RUA DO COMERCIO,S/N,CENTRO,"RUA DO COMERCIO, CENTRO, SAO BENTO DO TOCANTINS, TO, BRASIL",,,,
TO,SAO FELIX DO TOCANTINS,UNIDADE BASICA DE SAUDE DE SAO FELIX,AV FRANCISCO LEOBAS QD 07 LT 07,21,CENTRO,"AV FRANCISCO LEOBAS QD 07 LT 07, CENTRO, SAO FELIX DO TOCANTINS, TO, BRASIL",,,,
TO,SAO MIGUEL DO TOCANTINS,UNIDADE DE SAUDE DA FAMILIA I,RUA SAO RAIMUNDO,522,CENTRO,"RUA SAO RAIMUNDO, CENTRO, SAO MIGUEL DO TOCANTINS, TO, BRASIL",,,,
TO,SAO MIGUEL DO TOCANTINS,UNIDADE DE SAUDE DA FAMILIA II,RUA RUI BARBOSA,S/N,AREIAO POV BELA VIS,"RUA RUI BARBOSA, AREIAO POV BELA VIS, SAO MIGUEL DO TOCANTINS, TO, BRASIL",,,,
TO,SAO SALVADOR DO TOCANTINS,CENTRO DE SAUDE SAO SALVADOR,AV PRAIAO,S/N,CENTRO,"AV PRAIAO, CENTRO, SAO SALVADOR DO TOCANTINS, TO, BRASIL",,,,
TO,SAO SALVADOR DO TOCANTINS,UNIDADE DE SAUDE DO RETIRO SAO SALVADOR,POVOADO DO RETIRO,S/N,ZONA RURAL,"POVOADO DO RETIRO, ZONA RURAL, SAO SALVADOR DO TOCANTINS, TO, BRASIL",,,,
TO,SAO SEBASTIAO DO TOCANTINS,UNIDADE BASICA DE SAUDE DE SAO SEBASTIAO DO TO,RUA 7 DE SETEMBRO,S/N,CENTRO,"RUA 7 DE SETEMBRO, CENTRO, SAO SEBASTIAO DO TOCANTINS, TO, BRASIL",,,,
TO,SAO SEBASTIAO DO TOCANTINS,POSTO DE SAUDE DE SAO SEBASTIAO,PA NOVA ESTRELA,S/N,ZONA RURAL,"PA NOVA ESTRELA, ZONA RURAL, SAO SEBASTIAO DO TOCANTINS, TO, BRASIL",,,,
TO,SAO VALERIO DA NATIVIDADE,UNIDADE DE SAUDE DE SERRANOPOLIS HELENA,DISTRITO SERRANOPOLIS,S/N,RURAL,"DISTRITO SERRANOPOLIS, RURAL, SAO VALERIO DA NATIVIDADE, TO, BRASIL",,,,
TO,SAO VALERIO DA NATIVIDADE,UNIDADE DE SAUDE DA FAMILIA MARIA CANABRAVA,AVENIDA GOIAS,S/N,CENTRO,"AVENIDA GOIAS, CENTRO, SAO VALERIO DA NATIVIDADE, TO, BRASIL",,,,
TO,SILVANOPOLIS,UNIDADE BASICA DE SAUDE BENEDICTO ROQUE GEORGETTI,QUARENTA E NOVE,S/N,SILVANOPOLIS,"QUARENTA E NOVE, SILVANOPOLIS, SILVANOPOLIS, TO, BRASIL",,,,
TO,SILVANOPOLIS,UNIDADE DE SAUDE DA FAMILIA SABINAS SILVANOPOLIS,RUA CANDIDA PEREIRA,1250,CENTRO,"RUA CANDIDA PEREIRA, CENTRO, SILVANOPOLIS, TO, BRASIL",,,,
TO,SITIO NOVO DO TOCANTINS,UNIDADE BASICA DE SAUDE SUMAUMA SITIO NOVO,POVOADO SUMAUMA RUA PRINCIPAL,S/N,ZONA RURAL,"POVOADO SUMAUMA RUA PRINCIPAL, ZONA RURAL, SITIO NOVO DO TOCANTINS, TO, BRASIL",,,,
TO,SITIO NOVO DO TOCANTINS,UNIDADE BASICA DE SAUDE ANTONIO ARAUJO,RUA 03 ESQUERDA PROJETADA 01,S/N,CIDADE NOVA,"RUA 03 ESQUERDA PROJETADA 01, CIDADE NOVA, SITIO NOVO DO TOCANTINS, TO, BRASIL",,,,
TO,SITIO NOVO DO TOCANTINS,UNIDADE BASICA DE SAUDE DE SITIO NOVO,AVENIDA TOCANTINS,1101,CENTRO,"AVENIDA TOCANTINS, CENTRO, SITIO NOVO DO TOCANTINS, TO, BRASIL",,,,
TO,SITIO NOVO DO TOCANTINS,UNIDADE BASICA DE SAUDE DE JUVERLANDIA DE SITIO NOVO,AVENIDA PRINCIPAL,S/N,POVOADO JUVERLANDIA,"AVENIDA PRINCIPAL, POVOADO JUVERLANDIA, SITIO NOVO DO TOCANTINS, TO, BRASIL",,,,
TO,SITIO NOVO DO TOCANTINS,UNIDADE BASICA DE SAUDE OLHO DAGUA DO COCO SITIO NOVO,AVENIDA JARBAS PASSARINHO,2110,ZONA RURAL,"AVENIDA JARBAS PASSARINHO, ZONA RURAL, SITIO NOVO DO TOCANTINS, TO, BRASIL",,,,
TO,SITIO NOVO DO TOCANTINS,UNIDADE BASICA DE SAUDE DE SANTA INES SITIO NOVO,AVENIDA PRINCIPAL,S/N,POVOADO SANTA INES,"AVENIDA PRINCIPAL, POVOADO SANTA INES, SITIO NOVO DO TOCANTINS, TO, BRASIL",,,,
TO,SUCUPIRA,UNIDADE BASICA DE SAUDE DE SUCUPIRA,AVENIDA JACARANDA,S/N,CENTRO,"AVENIDA JACARANDA, CENTRO, SUCUPIRA, TO, BRASIL",,,,
TO,TAGUATINGA,UNIDADE DE SAUDE DA F DONA HELENA NOVAES SANTOS TAGUATINGA,AVENIDA JOSE JOAQUIM DE ALMEIDA,S/N,VILA SANTA MARIA,"AVENIDA JOSE JOAQUIM DE ALMEIDA, VILA SANTA MARIA, TAGUATINGA, TO, BRASIL",,,,
TO,TAGUATINGA,UNIDADE DE SAUDE DA F WALDEMAR CARLOS DE FRANCA TAGUATINGA,AVENIDA INDUSTRIAL,S/N,INDUSTRIAL,"AVENIDA INDUSTRIAL, INDUSTRIAL, TAGUATINGA, TO, BRASIL",,,,
TO,TAGUATINGA,UNIDADE DE SAUDE DA FAMILIA ANTONIO JOSE BRAGANCA,RUA DESESSETE,S/N,NORTE,"RUA DESESSETE, NORTE, TAGUATINGA, TO, BRASIL",,,,
TO,TAIPAS DO TOCANTINS,UNIDADE DE SAUDE DE FAMILIA TAIPAS,RUA AYRTON SENNA,S/N,CENTRO,"RUA AYRTON SENNA, CENTRO, TAIPAS DO TOCANTINS, TO, BRASIL",,,,
TO,TALISMA,UNIDADE BASICA DE SAUDE JOSE FRANCISCO DOURADO,AVENIDA RIO FORMOSO,159,CENTRO,"AVENIDA RIO FORMOSO, CENTRO, TALISMA, TO, BRASIL",,,,
TO,TOCANTINIA,UNIDADE SAUDE DA FAMILIA TOCANTINIA,RUA ERNESTO MIGUEL COSTA,92,VILA JACO,"RUA ERNESTO MIGUEL COSTA, VILA JACO, TOCANTINIA, TO, BRASIL",,,,
TO,TOCANTINIA,POSTO DE SAUDE DR OSVALDO DIAS BRITO,PROJETO ASSENTAMENTO AGUA FRIA II,S/N,ZONA RURAL,"PROJETO ASSENTAMENTO AGUA FRIA II, ZONA RURAL, TOCANTINIA, TO, BRASIL",,,,
TO,TOCANTINOPOLIS,POSTO DE SAUDE OLHO DAGUA TOCANTINOPOLIS,POVOADO OLHO DAGUA,S/N,POVOADO,"POVOADO OLHO DAGUA, POVOADO, TOCANTINOPOLIS, TO, BRASIL",,,,
TO,TOCANTINOPOLIS,UNIDADE BASICA DE SAUDE DE TOCANTINOPOLIS,RUA MARANHAO,497,CENTRO,"RUA MARANHAO, CENTRO, TOCANTINOPOLIS, TO, BRASIL",,,,
TO,TOCANTINOPOLIS,POSTO DE SAUDE JOSE FERNANDES DA SILVA TOCANTINOPOLIS,POVOADO PEDRO ISAIAS,S/N,ZONA RURAL,"POVOADO PEDRO ISAIAS, ZONA RURAL, TOCANTINOPOLIS, TO, BRASIL",,,,
TO,TOCANTINOPOLIS,UNIDADE BASICA DE SAUDE ANA VINA TOCANTINOPOLIS,RUA CHILE,2079,VILA MATILDE,"RUA CHILE, VILA MATILDE, TOCANTINOPOLIS, TO, BRASIL",,,,
TO,TOCANTINOPOLIS,UNIDADE BASICA DE SAUDE MUCIO BARBOSA TOCANTINOPOLIS,RUA BELA VISTA,S/N,ALTO DA BOA VISTA,"RUA BELA VISTA, ALTO DA BOA VISTA, TOCANTINOPOLIS, TO, BRASIL",,,,
TO,TOCANTINOPOLIS,POSTO DE SAUDE RIBEIRAO GRANDE TOCANTINOPOLIS,POVOADO RIBEIRAO GRANDE,S/N,POVOADO,"POVOADO RIBEIRAO GRANDE, POVOADO, TOCANTINOPOLIS, TO, BRASIL",,,,
TO,TOCANTINOPOLIS,UNIDADE BASICA DE SAUDE ALTO BONITO TOCANTINOPOLIS,RUA DARCI GOMES MARINHO,1927,ALTO BONITO,"RUA DARCI GOMES MARINHO, ALTO BONITO, TOCANTINOPOLIS, TO, BRASIL",,,,
TO,TOCANTINOPOLIS,POSTO DE SAUDE FOLHA GROSSA TOCANTINOPOLIS,POVOADO FOLHA GROSSA,S/N,RUA PRINCIPAL,"POVOADO FOLHA GROSSA, RUA PRINCIPAL, TOCANTINOPOLIS, TO, BRASIL",,,,
TO,TOCANTINOPOLIS,POSTO DE SAUDE VALCI PEREIRA DE SOUSA TOCANTINOPOLIS,RUA NOSSA SENHORA DO ROSARIO,S/N,POVOADO PASSARINHO,"RUA NOSSA SENHORA DO ROSARIO, POVOADO PASSARINHO, TOCANTINOPOLIS, TO, BRASIL",,,,
TO,TUPIRAMA,UNIDADE BASICA DE SAUDE DORIEL MARCELINO DOS REIS,RUA 01 SETOR NOVO HORIZONTE,S/N,CENTRO,"RUA 01 SETOR NOVO HORIZONTE, CENTRO, TUPIRAMA, TO, BRASIL",,,,
TO,TUPIRATINS,UNIDADE DE SAUDE DA FAMILIA TUPIRATINS,QUADRA 35 LT 03,0,NOVA TUPIRATINS,"QUADRA 35 LT 03, NOVA TUPIRATINS, TUPIRATINS, TO, BRASIL",,,,
TO,WANDERLANDIA,UNIDADE SAUDE DA FAMILIA III WANDERLANDIA,RUA PRINCIPAL,S/N,POVOADO ARACULANDIA,"RUA PRINCIPAL, POVOADO ARACULANDIA, WANDERLANDIA, TO, BRASIL",,,,
TO,WANDERLANDIA,UNIDADE SAUDE DA FAMILIA JOSE PEREIRA BILIO WANDERLANDIA,RUA 24 DE OUTUBRO,S/N,CENTRO,"RUA 24 DE OUTUBRO, CENTRO, WANDERLANDIA, TO, BRASIL",,,,
TO,WANDERLANDIA,UNIDADE SAUDE DA FAMILIA II WANDERLANDIA,AV SEBASTIAO SIQUEIRA,1385,CENTRO,"AV SEBASTIAO SIQUEIRA, CENTRO, WANDERLANDIA, TO, BRASIL",,,,
TO,XAMBIOA,UNIDADE BASICA DE SAUDE ANASTACIO VIEIRA DOS SANTOS,POVOADO CHAPADA,S/N,ZONA RURAL,"POVOADO CHAPADA, ZONA RURAL, XAMBIOA, TO, BRASIL",,,,
TO,XAMBIOA,UNIDADE BASICA DE SAUDE ESPEDITO ROQUE DE SANTANA,POVOADO MANCHAO MEIO,S/N,ZONA RURAL,"POVOADO MANCHAO MEIO, ZONA RURAL, XAMBIOA, TO, BRASIL",,,,
TO,XAMBIOA,UNIDADE BASICA DE SAUDE VEREADOR SALMEIRON ROCHA,RUA 03,S/N,SETOR LOTEAMENTO NOV,"RUA 03, SETOR LOTEAMENTO NOV, XAMBIOA, TO, BRASIL",,,,
TO,XAMBIOA,UNIDADE BASICA DE SAUDE VITOR COSTA BARBOSA,RUA ANTONIO MONTEIRO ESQ COM PRESIDENTE JUSCELINO,S/N,CENTRO,"RUA ANTONIO MONTEIRO ESQ COM PRESIDENTE JUSCELINO, CENTRO, XAMBIOA, TO, BRASIL",,,,
